Voc,Jsc,FF,PCE,Cs,MA,FA,Pb,Sn,I,Br,BG,CBO,VBO,arch_nip,arch_pin,h_mobility,e_mobility,CBM,VBM,ETL_CBM,HTL_VBM,Reference
1.4,15.24,0.832,17.8,1,0,0,1,0,2,1,1.9,-0.3,0.68,1,0,0.000716,0.000992,-4.01,-5.91,-4.31,-5.23,10.1016/j.nantod.2022.101586
1.32,15.2,0.792,15.9,1,0,0,1,0,2,1,1.9,-0.3,1.08,1,0,0.000191,0.000992,-4.01,-5.91,-4.31,-4.83,10.1016/j.nantod.2022.101586
1.09,24,0.758,19.83,0,0.15,0.85,1,0,3,0,1.53,-0.1,0.41,1,0,0.000465,2.93E-05,-4.1,-5.63,-4.2,-5.22,10.1002/solr.201900220
1.042,23.23,0.743,18,0,0.15,0.85,1,0,2.55,0.45,1.73,-0.18,0.49,1,0,0.000465,2.93E-05,-3.92,-5.65,-4.1,-5.16,10.1002/adfm.201801734
0.991,16.96,0.686,11.5,1,0,0,1,0,3,0,1.69,-0.41,0.15,1,0,0.0012,2.93E-05,-3.6,-5.29,-4.01,-5.14,10.1038/s41467-018-06915-6 
1.06,13.8,0.716,10.5,1,0,0,1,0,3,0,1.69,-0.6,0.29,1,0,0.000191,2.93E-05,-3.6,-5.29,-4.2,-5,10.1038/s41467-018-06915-6 
1.13,21.07,0.78,19.03,0,0.15,0.85,1,0,2.55,0.45,1.73,-0.28,0.41,1,0,0.00026,2.93E-05,-3.92,-5.65,-4.2,-5.24,10.1039/c7ta01718a
1.11,19.31,0.69,14.87,0,0.15,0.85,1,0,2.55,0.45,1.73,-0.28,0.31,1,0,1.10E-05,2.93E-05,-3.92,-5.65,-4.2,-5.34,10.1039/c7ta01718a
1.12,22.25,0.76,19.01,0,0.15,0.85,1,0,2.55,0.45,1.73,-0.28,0.43,1,0,0.000465,2.93E-05,-3.92,-5.65,-4.2,-5.22,10.1039/c7ta01718a
1.1,22.4,0.79,19.4,0.05,0.1615,0.7885,1,0,2.49,0.51,1.7,-0.6,0.5,0,1,0.0002,8.00E-05,-3.9,-5.6,-4.5,-5.1,10.1002/solr.201900468
0.77,27.82,0.72,15.41,0,0.4,0.6,0.4,0.6,3,0,1.25,0.06,0.71,0,1,2.20E-05,8.00E-05,-4.36,-5.61,-4.3,-4.9,10.1002/adfm.201804427
0.86,27.92,0.751,18.03,0,0.4,0.6,0.4,0.6,3,0,1.25,0.06,0.11,0,1,1.81E-05,8.00E-05,-4.36,-5.61,-4.3,-5.5,10.1002/adfm.201804427
1.08,21.4,0.72,16.6,0,1,0,1,0,3,0,1.5,-0.2,0.1,1,0,0.000465,2.93E-05,-3.9,-5.4,-4.1,-5.3,10.1016/j.jallcom.2019.02.027
1.11,16.91,0.7675,14.35,0.05,0.1615,0.7885,1,0,2.49,0.51,1.6,0.2,0.46,0,1,3.61E-06,0.0004,-4,-5.6,-3.8,-5.14,10.1002/solr.201900319
1.09,20.5,0.7843,17.57,0.05,0.1615,0.7885,1,0,2.49,0.51,1.6,0.2,0.49,0,1,1.42E-05,0.0004,-4,-5.6,-3.8,-5.11,10.1002/solr.201900319
1.03,21.05,0.796,17.5,0,1,0,1,0,3,0,1.53,-0.27,0.05,1,0,0.00026,2.93E-05,-3.93,-5.46,-4.2,-5.41,10.1002/aenm.201703007
1.04,21.08,0.76,16.8,0,1,0,1,0,3,0,1.53,-0.27,0.35,1,0,0.00015,2.93E-05,-3.93,-5.46,-4.2,-5.11,10.1002/aenm.201703007
1.03,17.9,0.653,12.7,0,1,0,1,0,3,0,1.53,-0.27,0.15,1,0,2.40E-05,2.93E-05,-3.93,-5.46,-4.2,-5.31,10.1002/aenm.201703007
1.09,23.1,0.78,19.6,0,0.15,0.85,1,0,2.55,0.45,1.73,-0.28,0.45,1,0,0.000359,2.93E-05,-3.92,-5.65,-4.2,-5.2,10.1016/j.synthmet.2019.02.011
1.07,22.1,0.78,18.4,0,0.15,0.85,1,0,2.55,0.45,1.73,-0.28,0.39,1,0,0.000188,2.93E-05,-3.92,-5.65,-4.2,-5.26,10.1016/j.synthmet.2019.02.011
1.07,20.62,0.738,16.3,0,1,0,1,0,3,0,1.5,-0.3,0.18,1,0,0.000465,2.93E-05,-3.9,-5.4,-4.2,-5.22,10.1021/acsaem.8b00192
0.62,15.67,0.723,7.04,1,0,0,0.4,0.6,3,0,1.3,-0.34,-0.04,0,1,0.00033,0.0004,-3.66,-4.96,-4,-5,10.1016/j.nanoen.2020.105309
0.67,16.8,0.707,7.96,1,0,0,0.4,0.6,2.7,0.3,1.33,-0.24,0.09,0,1,0.00033,0.0004,-3.76,-5.09,-4,-5,10.1016/j.nanoen.2020.105309
0.86,19.02,0.751,12.34,1,0,0,0.4,0.6,2.4,0.6,1.35,-0.14,0.21,0,1,0.00033,0.0004,-3.86,-5.21,-4,-5,10.1016/j.nanoen.2020.105309
0.8,14.91,0.684,8.16,1,0,0,0.4,0.6,2,1,1.42,0.06,0.48,0,1,0.00033,0.0004,-4.06,-5.48,-4,-5,10.1016/j.nanoen.2020.105309
1.1,22.9,0.797,20.1,0,0,1,1,0,3,0,1.5,-0.08,0.32,0,1,0.00033,5.50E-05,-3.92,-5.42,-4,-5.1,10.1002/adfm.201800346
1.09,23,0.798,20.01,0,0,1,1,0,3,0,1.5,-0.18,0.32,0,1,0.00033,0.0004,-3.92,-5.42,-4.1,-5.1,10.1002/adfm.201800346
0.988,20.51,0.7751,15.71,0,1,0,1,0,3,0,1.55,-0.03,0.27,0,1,0.000351,0.0004,-3.92,-5.47,-3.95,-5.2,10.1021/acsami.6b13372
0.97,24,0.663,15.45,0,1,0,1,0,3,0,1.52,-0.09,0.29,1,0,7.14E-05,2.93E-05,-3.91,-5.43,-4,-5.14,10.1002/solr.201800352
1.09,23.95,0.7035,18.22,0,1,0,1,0,3,0,1.52,-0.09,0.3,1,0,0.000465,2.93E-05,-3.91,-5.43,-4,-5.13,10.1002/solr.201800352
1.08,20.8,0.818,18.36,0,0.7,0.3,1,0,3,0,1.5,-0.2,0.3,1,0,0.000247,0.000992,-3.9,-5.4,-4.1,-5.1,10.1039/c7ta08053k
1.1,21.9,0.787,19.13,0,0.7,0.3,1,0,3,0,1.5,-0.2,0.2,1,0,0.000141,0.000992,-3.9,-5.4,-4.1,-5.2,10.1039/c7ta08053k
1.1,23.11,0.764,19.38,0.05,0.1615,0.7885,1,0,2.49,0.51,1.6,-0.58,0.18,1,0,0.000465,0.00065,-3.8,-5.4,-4.38,-5.22,10.1021/acsami.9b13278
1.14,22.1,0.754,19,0,0.15,0.85,1,0,2.55,0.45,1.62,-0.6,0.34,1,0,0.000465,0.00119,-3.94,-5.56,-4.54,-5.22,10.1021/acsenergylett.7b00888
0.46,21.4,0.427,4.29,0,1,0,0,1,3,0,1.26,-1.02,-0.26,0,1,0.00033,8.00E-05,-3.48,-4.74,-4.5,-5,10.1002/advs.201700204
0.48,20.7,0.452,4.49,0,0.75,0.25,0,1,3,0,1.28,-0.97,-0.19,0,1,0.00033,8.00E-05,-3.53,-4.81,-4.5,-5,10.1002/advs.201700204
0.53,21.3,0.524,5.92,0,0.5,0.5,0,1,3,0,1.3,-0.95,-0.15,0,1,0.00033,8.00E-05,-3.55,-4.85,-4.5,-5,10.1002/advs.201700204
0.61,21.2,0.627,8.12,0,0.25,0.75,0,1,3,0,1.33,-0.95,-0.12,0,1,0.00033,8.00E-05,-3.55,-4.88,-4.5,-5,10.1002/advs.201700204
0.48,21.3,0.646,6.6,0,0,1,0,1,3,0,1.36,-0.98,-0.12,0,1,0.00033,8.00E-05,-3.52,-4.88,-4.5,-5,10.1002/advs.201700204
1.09,21.65,0.774,18.32,0.05,0.16,0.78,1,0,2.5,0.5,1.6,-0.4,0.38,1,0,0.000465,0.000992,-4,-5.6,-4.4,-5.22,10.1039/c8ta11945g
1.14,22.84,0.7579,19.81,0,0.15,0.85,1,0,2.55,0.45,1.55,-0.07,0.26,1,0,0.000465,2.93E-05,-3.93,-5.48,-4,-5.22,10.1002/adma.201804028
1.12,25.75,0.677,19.5,0,0.15,0.85,1,0,2.55,0.45,1.55,-0.07,0.52,1,0,0.0001,2.93E-05,-3.93,-5.48,-4,-4.96,10.1002/adma.201804028
0.99,20.96,0.74,15.34,0,1,0,1,0,3,0,1.5,-0.3,0.2,1,0,0.000465,0.000992,-3.9,-5.4,-4.2,-5.2,10.1016/j.orgel.2018.10.028
1.105,23.5,0.748,19.4,0,0.15,0.85,1,0,2.55,0.45,1.73,-0.08,0.26,1,0,0.000341,2.93E-05,-3.92,-5.48,-4,-5.22,10.1002/aenm.201602556
1.08,23.1,0.734,18.3,0,0.15,0.85,1,0,2.55,0.45,1.73,-0.08,0.42,1,0,0.00019,2.93E-05,-3.92,-5.48,-4,-5.06,10.1002/aenm.201602556
0.95,22.96,0.73,15.95,0,1,0,1,0,3,0,1.5,-0.5,0.18,1,0,0.000465,0.004059,-3.9,-5.4,-4.4,-5.22,10.1016/j.cej.2020.126303
1.1,22.3,0.725,17.7,0,0.15,0.85,1,0,2.55,0.45,1.73,-0.08,0.49,1,0,0.000465,2.93E-05,-3.92,-5.65,-4,-5.16,10.1039/c7ta11314e
1.0466,22.928,0.7865,18.87,0,1,0,1,0,3,0,1.5,-0.07,0.17,1,0,0.00018,2.93E-05,-3.93,-5.43,-4,-5.26,10.1039/c7ta04762b
1.0461,20.574,0.7525,16.2,0,1,0,1,0,3,0,1.5,-0.07,0.17,1,0,5.27E-05,2.93E-05,-3.93,-5.43,-4,-5.26,10.1039/c7ta04762b
1.0348,21.19,0.7522,16.5,0,1,0,1,0,3,0,1.5,-0.07,0.19,1,0,8.74E-05,2.93E-05,-3.93,-5.43,-4,-5.24,10.1039/c7ta04762b
1.0567,22.321,0.7632,18,0,1,0,1,0,3,0,1.5,-0.07,0.18,1,0,0.000105,2.93E-05,-3.93,-5.43,-4,-5.25,10.1039/c7ta04762b
1.0507,22.009,0.7658,17.71,0,1,0,1,0,3,0,1.5,-0.07,0.18,1,0,8.32E-05,2.93E-05,-3.93,-5.43,-4,-5.25,10.1039/c7ta04762b
1.108,23.03,0.718,18.32,0,0.17,0.83,1,0,2.49,0.51,1.7,-0.3,0.52,1,0,0.000465,0.000992,-3.9,-5.6,-4.2,-5.08,10.1016/j.jpowsour.2019.226817
1.119,22.98,0.722,18.57,0,0.17,0.83,1,0,2.49,0.51,1.7,-0.3,0.58,1,0,0.000713,0.000992,-3.9,-5.6,-4.2,-5.02,10.1016/j.jpowsour.2019.226817
1.537,7.27,0.7607,8.5,1,0,0,1,0,0,3,2.3,-0.9,0.47,1,0,0.000191,2.93E-05,-3.3,-5.6,-4.2,-5.13,10.1039/C9TA01151J
1.091,23.11,0.777,19.59,0,0.25,0.75,1,0,2.76,0.24,1.6,0.05,0.43,1,0,0.000465,2.93E-05,-4.05,-5.65,-4,-5.22,10.1039/c7cc08985f
0.965,22.68,0.785,17.19,0,0.25,0.75,1,0,2.76,0.24,1.6,0.05,0.72,1,0,0.000459,2.93E-05,-4.05,-5.65,-4,-4.93,10.1039/c7cc08985f
1.039,23.24,0.755,18.23,0,0.25,0.75,1,0,2.76,0.24,1.6,0.05,0.77,1,0,0.00142,2.93E-05,-4.05,-5.65,-4,-4.88,10.1039/c7cc08985f
0.9657,22.68,0.785,17.19,0,0.75,0.25,1,0,2.76,0.24,1.5,0.05,0.72,1,0,0.000459,2.93E-05,-4.05,-5.65,-4,-4.93,10.1039/c7cc08985f
1.0389,23.24,0.755,18.23,0,0.75,0.25,1,0,2.76,0.24,1.5,0.05,0.77,1,0,0.00142,2.93E-05,-4.05,-5.65,-4,-4.88,10.1039/c7cc08985f
1.091,23.11,0.777,16,0,0.75,0.25,1,0,2.76,0.24,1.5,0.05,0.43,1,0,0.000465,2.93E-05,-4.05,-5.65,-4,-5.22,10.1039/c7cc08985f
1.23,18.34,0.79,17.8,0.17,0,0.83,1,0,1.8,1.2,1.75,-0.58,0.55,1,0,0.000465,2.93E-05,-3.62,-5.77,-4.2,-5.22,10.1002/adma.201706275
1.097,23.21,0.746,18.99,0.1,0.15,0.75,1,0,2.64,0.36,1.59,-0.14,0.43,1,0,0.000465,0.000992,-4.06,-5.65,-4.2,-5.22,10.1021/acs.nanolett.8b00025
1.139,23.45,0.795,21.23,0,0.1,0.9,1,0,2.7,0.3,1.57,-0.5,0.25,1,0,0.000465,0.000992,-3.9,-5.47,-4.4,-5.22,10.1021/acs.nanolett.8b00025
1.122,24.47,0.82,22.51,0,0.05,0.95,1,0,2.85,0.15,1.5,-0.5,0.18,1,0,0.000465,0.000992,-3.9,-5.4,-4.4,-5.22,10.1021/acs.nanolett.8b00025
1.177,14.25,0.802,13.45,1,0,0,1,0,2,1,1.91,-0.32,0.46,1,0,0.0012,2.93E-05,-3.69,-5.6,-4.01,-5.14,10.1016/j.joule.2018.04.012
1.098,23.34,0.781,20.02,0.1,0.05,0.85,1,0,2.85,0.15,1.5,-0.3,0.18,1,0,0.000465,2.93E-05,-3.9,-5.4,-4.2,-5.22,10.1002/advs.201903009
1.1,22.79,0.755,18.93,0.05,0,0.95,1,0,3,0,1.51,-0.1,0.24,1,0,0.000465,0.000992,-3.95,-5.46,-4.05,-5.22,10.1038/s41467-018-05760-x
1.11,24.57,0.792,21.6,0.05,0,0.95,1,0,3,0,1.51,-0.03,0.24,1,0,0.000465,0.00227,-3.95,-5.46,-3.98,-5.22,10.1038/s41467-018-05760-x
1.07,22.67,0.723,16.2,0.05,0,0.95,1,0,3,0,1.51,-0.21,0.24,1,0,0.000465,3.56E-05,-3.95,-5.46,-4.16,-5.22,10.1038/s41467-018-05760-x
1.1,22.16,0.77,18.77,0,0.15,0.85,1,0,2.55,0.45,1.58,-0.05,0.41,1,0,0.000465,2.93E-05,-4.05,-5.63,-4.1,-5.22,10.1039/c7ta02556d
1.08,21.05,0.71,16.14,0,0.15,0.85,1,0,2.55,0.45,1.58,-0.05,0.15,1,0,7.83E-05,2.93E-05,-4.05,-5.63,-4.1,-5.48,10.1039/c7ta02556d
1.09,21.3,0.79,18.34,0,0.15,0.85,1,0,2.55,0.45,1.58,-0.05,0.36,1,0,0.000226,2.93E-05,-4.05,-5.63,-4.1,-5.27,10.1039/c7ta02556d
1.08,22.26,0.742,17.85,0,1,0,1,0,3,0,1.53,-0.57,0.2,0,1,0.0002,8.00E-05,-3.93,-5.46,-4.5,-5.26,10.1002/aenm.201901268
1.02,22.43,0.798,18.26,0,1,0,1,0,3,0,1.53,-0.57,0.04,0,1,9.80E-05,8.00E-05,-3.93,-5.46,-4.5,-5.42,10.1002/aenm.201901268
1.04,22.56,0.817,19.16,0,1,0,1,0,3,0,1.53,-0.57,0.11,0,1,0.00021,8.00E-05,-3.93,-5.46,-4.5,-5.35,10.1002/aenm.201901268
1.05,22.543,0.77,18.22,0.05,0.1425,0.8075,1,0,2.55,0.45,1.64,-0.46,0.58,0,1,0.0002,8.00E-05,-4.04,-5.68,-4.5,-5.1,10.1039/c9ee00872a
1.31,8.77,0.62,7.11,0,1,0,1,0,0,3,2.26,-0.86,0.38,1,0,0.000465,2.93E-05,-3.34,-5.6,-4.2,-5.22,10.1039/c7cc02447a
1.16,22.02,0.71,18.06,0,0.15,0.85,1,0,2.55,0.45,1.59,0.09,0.65,1,0,0.000465,0.000992,-4.28,-5.87,-4.19,-5.22,10.1007/s40843-018-9305-6
1.14,21.74,0.773,18.6,0.05,0.1615,0.7885,1,0,2.49,0.51,1.6,-0.2,0.38,1,0,0.000465,2.93E-05,-4,-5.6,-4.2,-5.22,10.1002/cssc.201702379
1.14,21.6,0.706,16.9,0.05,0.1615,0.7885,1,0,2.49,0.51,1.6,-0.2,0.52,1,0,0.000112,2.93E-05,-4,-5.6,-4.2,-5.08,10.1002/cssc.201702379
1.1,24.2,0.805,21.6,0.05,0.03,0.92,1,0,2.91,0.09,1.5,-0.3,0.18,1,0,0.000465,2.93E-05,-3.9,-5.4,-4.2,-5.22,10.1002/aenm.201902239
1.11,23.52,0.7668,20.02,0,0.15,0.85,1,0,2.55,0.45,1.59,-0.22,0.16,1,0,0.000465,2.93E-05,-3.93,-5.52,-4.15,-5.36,10.1021/acsami.9b11229
1.1,23.34,0.74,19.01,0,0.15,0.85,1,0,2.55,0.45,1.6,-0.15,0.52,1,0,0.000465,2.93E-05,-4.05,-5.65,-4.2,-5.13,10.1021/acsami.9b11229
1.11,23.55,0.77,20.13,0,0.15,0.85,1,0,2.55,0.45,1.6,-0.15,0.46,1,0,0.000668,2.93E-05,-4.05,-5.65,-4.2,-5.19,10.1021/acsami.9b11229
1.07,22.52,0.72,17.35,0,0.15,0.85,1,0,2.55,0.45,1.6,-0.15,0.54,1,0,8.13E-05,2.93E-05,-4.05,-5.65,-4.2,-5.11,10.1021/acsami.9b11229
1.06,14.7,0.757,11.9,1,0,0,1,0,2,1,1.92,-0.05,0.86,1,0,0.000465,0.000992,-4.16,-6.08,-4.21,-5.22,10.1002/adma.201802509
1.08,23.7,0.803,20.5,0,0.15,0.85,1,0,2.55,0.45,1.6,-0.08,0.51,1,0,0.0012,2.93E-05,-3.92,-5.65,-4,-5.14,10.1039/C7EE01931A
1.14,23,0.811,21.3,0,0,1,1,0,3,0,1.48,-0.28,0.18,1,0,0.000465,2.93E-05,-3.92,-5.4,-4.2,-5.22,10.1038/s41560-022-01086-7
1.16,24.7,0.824,23.4,0,0,1,1,0,3,0,1.48,-0.48,0.18,1,0,0.000465,0.000992,-3.92,-5.4,-4.4,-5.22,10.1038/s41560-022-01086-7
1.175,14.5,0.61,10.4,0.17,0,0.83,1,0,1.2,1.8,1.93,-0.73,0.39,1,0,0.000465,0.000992,-3.67,-5.61,-4.4,-5.22,10.1002/adfm.201803130
1.175,15.8,0.646,12,0.17,0,0.83,1,0,1.5,1.5,1.86,-0.67,0.37,1,0,0.000465,0.000992,-3.73,-5.59,-4.4,-5.22,10.1002/adfm.201803130
1.15,17.3,0.643,12.8,0.17,0,0.83,1,0,1.8,1.2,1.79,-0.52,0.38,1,0,0.000465,0.000992,-3.88,-5.6,-4.4,-5.22,10.1002/adfm.201803130
1.16,19.1,0.673,14.9,0.17,0,0.83,1,0,2.2,0.8,1.72,-0.5,0.4,1,0,0.000465,0.000992,-3.9,-5.62,-4.4,-5.22,10.1002/adfm.201803130
1.036,21.93,0.7029,15.97,0,1,0,1,0,3,0,1.64,-0.18,0.36,0,1,0.000234,0.0004,-3.83,-5.47,-4.01,-5.11,10.1016/j.jpowsour.2020.228505
1.12,20.62,0.72,16.63,0,1,0,1,0,3,0,1.5,-0.4,0.2,1,0,0.000465,2.93E-05,-3.9,-5.4,-4.3,-5.2,10.1021/acsami.9b17580
1.05,23.86,0.74,18.72,0.05,0.14,0.81,1,0,2.55,0.45,1.6,-0.1,0.58,1,0,0.00047,2.93E-05,-4.2,-5.8,-4.3,-5.22,10.1021/acsaem.9b00477
1.04,23.85,0.68,16.19,0.05,0.14,0.81,1,0,2.55,0.45,1.6,-0.1,0.2,1,0,0.00029,2.93E-05,-4.2,-5.8,-4.3,-5.6,10.1021/acsaem.9b00477
1.16,22.4,0.78,20.5,0.05,0.1425,0.8075,1,0,2.55,0.45,1.6,0,0.6,1,0,0.000465,0.000992,-4.2,-5.8,-4.2,-5.2,10.1002/aenm.201900834
1.08,22.21,0.7615,18.32,0,1,0,1,0,3,0,1.5,-0.5,0.18,1,0,0.000465,0.000299,-3.83,-5.4,-4.33,-5.22,10.1002/adfm.201900557
1.08,22.41,0.7874,19.03,0,1,0,1,0,3,0,1.5,-0.49,0.18,1,0,0.000465,0.000602,-3.83,-5.4,-4.32,-5.22,10.1002/adfm.201900557
1.08,21.75,0.6628,14.18,0,1,0,1,0,3,0,1.5,-0.65,0.18,1,0,0.000465,9.45E-05,-3.83,-5.4,-4.48,-5.22,10.1002/adfm.201900557
1,22.96,0.7,16.07,0,1,0,1,0,3,0,1.5,-0.27,0.21,1,0,9.05E-05,2.93E-05,-3.93,-5.43,-4.2,-5.22,10.1002/solr.201800048
1.06,22.42,0.75,17.82,0,1,0,1,0,3,0,1.5,-0.3,0.18,1,0,0.00135,2.93E-05,-3.9,-5.4,-4.2,-5.22,10.1002/solr.201800048
1.08,22.79,0.75,18.46,0,1,0,1,0,3,0,1.5,-0.3,0.24,1,0,0.00573,2.93E-05,-3.9,-5.4,-4.2,-5.16,10.1002/solr.201800048
1.07,8.83,0.545,5.16,1,0,0,1,0,1,2,2.07,-0.47,0.87,1,0,0.000191,0.000992,-3.93,-6,-4.4,-5.13,10.1016/j.nanoen.2019.02.049
1.079,22.78,0.7148,16.3,0,1,0,1,0,3,0,1.5,-0.3,0.2,1,0,0.000465,2.93E-05,-3.9,-5.4,-4.2,-5.2,10.1021/acsami.9b03304
1.069,22.73,0.7212,16.64,0,1,0,1,0,3,0,1.5,-0.1,0.2,1,0,0.000465,2.93E-05,-3.9,-5.4,-4,-5.2,10.1021/acsami.9b03304
1.586,6.64,0.784,8.26,1,0,0,1,0,0,3,2.3,-0.72,0.6,1,0,0.000465,0.000544,-3.3,-5.6,-4.02,-5,10.1039/d0ta04366d
1.654,6.7,0.804,8.91,1,0,0,1,0,0,3,2.3,-0.66,0.6,1,0,0.000465,0.000658,-3.3,-5.6,-3.96,-5,10.1039/d0ta04366d
1.04,22.2,0.737,17,0,1,0,1,0,3,0,1.5,-0.13,0.3,0,1,0.00033,0.0004,-3.9,-5.4,-4.03,-5.1,10.1039/C7TA01764B
1.05,22.4,0.777,18.2,0,1,0,1,0,3,0,1.5,-0.02,0.3,0,1,0.00033,0.00028,-3.9,-5.4,-3.92,-5.1,10.1039/C7TA01764B
1.06,19.59,0.765,15.91,0,1,0,1,0,3,0,1.6,-0.2,0.1,0,1,0.00033,0.00392,-3.8,-5.4,-4,-5.3,10.1002/ange.201604399
0.95,18.28,0.761,13.49,0,1,0,1,0,3,0,1.6,0.17,0.1,0,1,0.00033,0.00145,-3.8,-5.4,-3.63,-5.3,10.1002/ange.201604399
0.96,18.31,0.763,13.38,0,1,0,1,0,3,0,1.6,0.15,0.1,0,1,0.00033,0.00158,-3.8,-5.4,-3.65,-5.3,10.1002/ange.201604399
0.94,19.69,0.758,13.95,0,1,0,1,0,3,0,1.6,0.13,0.1,0,1,0.00033,0.00136,-3.8,-5.4,-3.67,-5.3,10.1002/ange.201604399
1.08,20.73,0.786,17.62,0,1,0,1,0,3,0,1.6,-0.12,0.1,0,1,0.00033,0.00513,-3.8,-5.4,-3.92,-5.3,10.1002/ange.201604399
1,19.44,0.742,14.42,0,1,0,1,0,3,0,1.6,-0.36,0.1,0,1,0.00033,0.00234,-3.8,-5.4,-4.16,-5.3,10.1002/ange.201604399
1.24,14.49,0.76,13.75,1,0,0,1,0,2,1,1.91,-0.31,0.38,1,0,0.000465,2.93E-05,-3.69,-5.6,-4,-5.22,10.1016/j.solmat.2019.110052
1.078,20.92,0.7205,16.25,0,1,0,1,0,3,0,1.5,-0.3,0.2,1,0,0.000465,0.00065,-3.9,-5.4,-4.2,-5.2,10.1002/solr.201900154
0.95,22.34,0.73,15.2,0,1,0,1,0,3,0,1.53,-0.07,0.18,1,0,0.00012,2.93E-05,-3.93,-5.46,-4,-5.28,10.1039/c8ta11361k
0.98,22.34,0.751,16,0,1,0,1,0,3,0,1.53,-0.07,0.05,1,0,0.00016,2.93E-05,-3.93,-5.46,-4,-5.41,10.1039/c8ta11361k
1.06,22.41,0.77,18,0,1,0,1,0,3,0,1.53,-0.07,-0.13,1,0,0.00023,2.93E-05,-3.93,-5.46,-4,-5.59,10.1039/c8ta11361k
1.03,21.46,0.693,15.2,0,1,0,1,0,3,0,1.53,-0.07,0.24,1,0,0.000465,2.93E-05,-3.93,-5.46,-4,-5.22,10.1039/c8ta11361k
1.1,24,0.746,19.69,0.05,0.1425,0.8075,1,0,2.55,0.45,1.6,-0.55,0.15,1,0,0.000219,0.000992,-3.8,-5.4,-4.35,-5.25,10.1021/acsami.9b17386
1.094,24.1,0.7136,18.89,0.05,0.1425,0.8075,1,0,2.55,0.45,1.6,-0.55,0.15,1,0,0.000208,0.000992,-3.8,-5.4,-4.35,-5.25,10.1021/acsami.9b17386
1.09,24.27,0.752,19.89,0.05,0.1425,0.8075,1,0,2.55,0.45,1.6,-0.55,0.18,1,0,0.000465,0.000992,-3.8,-5.4,-4.35,-5.22,10.1021/acsami.9b17386
1.21,14.98,0.814,14.78,1,0,0,1,0,2,1,1.91,-0.23,0.54,1,0,0.000465,0.00065,-3.74,-5.74,-3.97,-5.2,10.1016/j.nanoen.2019.104241
1.11,14.9,0.743,12.3,1,0,0,1,0,2,1,1.91,-0.47,0.54,1,0,0.000465,0.000992,-3.74,-5.74,-4.21,-5.2,10.1016/j.nanoen.2019.104241
1.083,20.92,0.7524,17.04,0,1,0,1,0,3,0,1.5,-0.27,0.2,1,0,0.000465,2.93E-05,-3.93,-5.4,-4.2,-5.2,10.1039/C8TA12206G
1.171,11.65,0.64,8.73,1,0,0,1,0,1,2,2.1,-0.33,0.53,1,0,0.000465,2.93E-05,-3.43,-5.53,-3.76,-5,10.1016/j.solener.2020.04.024
1.07,21.64,0.7396,17.21,0.05,0.1615,0.7885,1,0,2.49,0.51,1.61,-0.29,0.2,1,0,0.000465,0.000992,-3.79,-5.4,-4.08,-5.2,10.1016/j.jpowsour.2020.228443
0.55,19.4,0.67,7.2,0,0.25,0.75,0,1,3,0,1.36,-0.66,0.05,0,1,0.00033,8.00E-05,-3.84,-5.2,-4.5,-5.15,10.1002/anie.201808385 
1.12,21.68,0.7585,18.42,0.04,0.144,0.816,1,0,2.55,0.45,1.6,-0.4,0.2,1,0,0.000465,2.93E-05,-3.8,-5.4,-4.2,-5.2,10.1021/acssuschemeng.8b04281
1.06,20.2,0.813,17.3,0,1,0,1,0,3,0,1.5,-0.27,0.23,0,1,0.000351,0.0004,-3.93,-5.43,-4.2,-5.2,10.1002/adma.201500523
1.11,23.42,0.786,20.43,0,0.15,0.85,1,0,2.55,0.45,1.6,-0.15,0.39,1,0,0.0012,2.93E-05,-4.05,-5.65,-4.2,-5.26,10.1038/ncomms16045
1.12,22.25,0.76,19.01,0,0.15,0.85,1,0,2.55,0.45,1.6,-0.15,0.43,1,0,0.000465,2.93E-05,-4.05,-5.65,-4.2,-5.22,10.1039/C7TA01718A
1.13,21.7,0.78,19.03,0,0.15,0.85,1,0,2.55,0.45,1.6,-0.15,0.41,1,0,0.00026,2.93E-05,-4.05,-5.65,-4.2,-5.24,10.1039/C7TA01718A
1.11,19.31,0.69,14.87,0,0.15,0.85,1,0,2.55,0.45,1.6,-0.15,0.31,1,0,1.10E-05,2.93E-05,-4.05,-5.65,-4.2,-5.34,10.1039/C7TA01718A
1.07,19.6,0.763,16,0,1,0,1,0,3,0,1.5,-0.3,0.2,1,0,0.000465,2.93E-05,-3.9,-5.4,-4.2,-5.2,10.1002/advs.201801170
1.08,22,0.775,18.4,0,1,0,1,0,1.8,1.2,1.55,-0.5,0.37,0,1,0.0012,8.00E-05,-4.07,-5.62,-4.57,-5.25,10.1126/sciadv.aav8925
1.18,15.1,0.733,13.1,0.2,0,0.8,1,0,1.8,1.2,1.82,-0.87,0.27,0,1,0.0012,8.00E-05,-3.7,-5.52,-4.57,-5.25,10.1126/sciadv.aav8925
1.08,22.53,0.769,18.73,0,0.15,0.85,1,0,2.55,0.45,1.57,-0.03,0.58,1,0,0.000465,2.93E-05,-4.23,-5.8,-4.26,-5.22,10.1007/s40843-018-9343-1
1.15,11.5,0.724,9.57,1,0,0,1,0,1,2,2.06,-0.31,0.51,1,0,0.000465,0.000992,-3.67,-5.73,-3.98,-5.22,10.1002/smll.202001535
1.1,25,0.803,22.1,0,0.05,0.95,1,0,2.85,0.15,1.5,-0.3,0.26,1,0,0.0012,2.93E-05,-3.9,-5.4,-4.2,-5.14,10.1126/science.aan2301
1.041,20.854,0.743,16.5,0,1,0,1,0,3,0,1.52,-0.09,0.28,1,0,0.000465,2.93E-05,-3.91,-5.43,-4,-5.15,10.1002/aenm.201600401
1.096,20.52,0.7,16.3,0,1,0,1,0,3,0,1.52,-0.09,0.22,1,0,0.000849,2.93E-05,-3.91,-5.43,-4,-5.21,10.1002/aenm.201600401
1.11,21.58,0.695,16.78,0.05,0.14,0.81,1,0,2.55,0.45,1.5,-0.4,0.16,1,0,0.000112,0.000992,-3.9,-5.4,-4.3,-5.24,10.1021/acsami.9b07859
1.13,22.34,0.727,18.45,0.05,0.14,0.81,1,0,2.55,0.45,1.5,-0.4,0.19,1,0,0.000132,0.000992,-3.9,-5.4,-4.3,-5.21,10.1021/acsami.9b07859
1.1,23.4,0.827,21.3,0,0.15,0.85,1,0,2.55,0.45,1.58,-0.3,0.44,1,0,4.10E-05,2.93E-05,-4,-5.58,-4.3,-5.14,10.1002/aenm.201801668
1.14,23.4,0.823,22,0,0.15,0.85,1,0,2.55,0.45,1.58,-0.3,0.06,1,0,2.20E-05,2.93E-05,-4,-5.58,-4.3,-5.52,10.1002/aenm.201801668
1.13,23.4,0.703,18.6,0,0.15,0.85,1,0,2.55,0.45,1.58,-0.3,-0.05,1,0,1.90E-05,2.93E-05,-4,-5.58,-4.3,-5.63,10.1002/aenm.201801668
1.18,22.55,0.78,20.76,0,0.15,0.85,1,0,2.55,0.45,1.59,0.2,0.89,1,0,0.0012,0.0004,-4.5,-6.09,-4.3,-5.2,10.1126/science.aap9282
1.07,23.1,0.778,19.15,0.05,0.1615,0.7885,1,0,2.49,0.51,1.6,-0.35,0.43,1,0,0.000465,0.000932,-4.05,-5.65,-4.4,-5.22,10.1002/adma.201906374
1.14,24.1,0.829,22.77,0.05,0.1615,0.7885,1,0,2.49,0.51,1.6,-0.35,0.43,1,0,0.000465,0.0173,-4.05,-5.65,-4.4,-5.22,10.1002/adma.201906374
0.94,21.1,0.725,14.4,0,1,0,1,0,3,0,1.5,-0.1,0.18,1,0,0.000465,2.93E-05,-3.9,-5.4,-4,-5.22,10.1039/c5ee01720c
1.06,22.9,0.696,16.89,0,1,0,1,0,3,0,1.55,-0.26,0.1,1,0,0.000465,2.93E-05,-3.75,-5.3,-4.01,-5.2,10.1039/c8ta12254g
1.04,22.4,0.667,15.58,0,1,0,1,0,3,0,1.55,-0.63,0.1,1,0,0.000465,0.000992,-3.75,-5.3,-4.38,-5.2,10.1039/c8ta12254g
1.1,20.67,0.649,14.72,0.05,0.95,0,1,0,2.1,0.9,1.71,-0.32,0.37,1,0,0.000465,2.93E-05,-3.88,-5.59,-4.2,-5.22,10.1002/smll.201906681
1.1,22.48,0.72,17.81,0.05,0.95,0,1,0,2.4,0.6,1.68,-0.3,0.36,1,0,0.000465,2.93E-05,-3.9,-5.58,-4.2,-5.22,10.1002/smll.201906681
1.14,22.26,0.71,17.81,0,1,0,1,0,3,0,1.5,-0.47,0.16,1,0,0.00182,0.000992,-3.93,-5.43,-4.4,-5.27,10.1002/cssc.201700678
1.13,22.45,0.74,18.59,0,1,0,1,0,3,0,1.5,-0.47,0.21,1,0,0.00308,0.000992,-3.93,-5.43,-4.4,-5.22,10.1002/cssc.201700678
1.12,22.6,0.8,20.2,0.13,0,0.87,1,0,2.7,0.3,1.6,-0.6,0.18,1,0,0.0005,0.000992,-3.8,-5.4,-4.4,-5.22,10.1002/adma.201803735
1.139,21.86,0.773,19.24,0.05,0.1615,0.7885,1,0,2.49,0.51,1.6,-0.05,0.3,1,0,0.000465,2.93E-05,-3.9,-5.5,-3.95,-5.2,10.1021/acsami.8b04776
1.16,21.42,0.77,19.13,0.05,0.14,0.81,1,0,2.55,0.45,1.64,-0.07,0.42,1,0,0.000465,2.93E-05,-4.13,-5.77,-4.2,-5.35,10.1021/acsami.8b10616
0.95,21.22,0.6369,12.91,0,1,0,1,0,3,0,1.5,-0.07,0.53,1,0,2.60E-05,2.93E-05,-3.93,-5.43,-4,-4.9,10.1021/acs.jpcc.7b04469
1.189,22.3,0.806,21.4,0.05,0.14,0.81,1,0,2.55,0.45,1.6,0,0.78,1,0,0.000465,2.93E-05,-4.4,-6,-4.4,-5.22,10.1126/science.aai9081
1.06,15.99,0.7712,13.09,1,0,0,1,0,2,1,1.92,-0.21,0.46,1,0,0.000465,0.000992,-3.77,-5.68,-3.98,-5.22,10.1021/acsphotonics.8b00783 
0.66,27.15,0.72,12.93,0,0.5,0.5,0.5,0.5,3,0,1.25,-0.35,0.2,0,1,0.00033,8.00E-05,-4.15,-5.4,-4.5,-5.2,10.1021/acs.nanolett.8b00701 
0.71,28.85,0.68,13.94,0,0.5,0.5,0.5,0.5,3,0,1.25,0.15,0.2,0,1,0.00033,0.0004,-4.15,-5.4,-4,-5.2,10.1021/acs.nanolett.8b00701 
1.13,23.56,0.714,19.11,0,0.15,0.85,1,0,2.55,0.45,1.65,0,0.43,1,0,0.000465,0.000559,-3.9,-5.65,-3.9,-5.22,10.1016/j.mtener.2019.03.005
1.13,23.2,0.7092,18.6,0,0.15,0.85,1,0,2.55,0.45,1.65,-0.03,0.43,1,0,0.000465,0.000351,-3.9,-5.65,-3.93,-5.22,10.1016/j.mtener.2019.03.005
1.11,22.97,0.704,17.98,0,0.15,0.85,1,0,2.55,0.45,1.65,-0.18,0.43,1,0,0.000465,0.000277,-3.9,-5.65,-4.08,-5.22,10.1016/j.mtener.2019.03.005
1.04,19.01,0.7,13.84,0,1,0,1,0,3,0,1.5,-0.31,0.06,1,0,0.000465,2.09E-05,-3.9,-5.3,-4.21,-5.24,10.1021/acsami.7b14926
1.02,22.4,0.74,16.91,0,1,0,1,0,3,0,1.5,-0.46,0.06,1,0,0.000465,7.25E-05,-3.9,-5.3,-4.36,-5.24,10.1021/acsami.7b14926
1.123,24.71,0.773,21.45,0.06,0,0.94,1,0,2.82,0.18,1.5,-0.2,0.28,1,0,0.000465,2.93E-05,-4,-5.5,-4.2,-5.22,10.1021/jacs.9b11546
1.101,24.44,0.754,20.3,0.05,0.06,0.89,1,0,2.82,0.18,1.54,-0.3,0.22,1,0,0.000465,2.93E-05,-3.9,-5.44,-4.2,-5.22,10.1021/jacs.9b11546
0.74,26.7,0.71,14.1,0.25,0,0.75,0.5,0.5,3,0,1.22,-0.62,0,0,1,0.00033,8.00E-05,-3.88,-5.1,-4.5,-5.1,10.1126/science.aaf9717
0.7,21.9,0.66,10.2,0,0,1,0.5,0.5,3,0,1.22,-0.47,0.15,0,1,0.00033,8.00E-05,-4.03,-5.25,-4.5,-5.1,10.1126/science.aaf9717
0.99,22.82,0.7334,16.6,0,1,0,1,0,3,0,1.5,-0.07,0.18,1,0,0.000204,2.93E-05,-3.93,-5.43,-4,-5.25,10.1021/acsenergylett.6b00432
1.06,22.79,0.7439,18.03,0,1,0,1,0,3,0,1.5,-0.07,0.21,1,0,0.000946,2.93E-05,-3.93,-5.43,-4,-5.22,10.1021/acsenergylett.6b00432
1.01,23.37,0.64,15.11,0,1,0,1,0,3,0,1.61,-0.1,0.16,1,0,0.000465,2.93E-05,-3.9,-5.51,-4,-5.35,10.1016/j.solmat.2019.03.040
1.12,22.8,0.728,18.6,0.06,0.1598,0.7802,1,0,2.49,0.51,1.55,0.08,0.79,1,0,0.000465,0.00065,-4.46,-6.01,-4.38,-5.22,10.1039/c7ta03331a
0.9,19.35,0.7448,12.9,0,1,0,1,0,3,0,1.5,-0.3,0.5,0,1,0.00033,0.0004,-3.9,-5.4,-4.2,-4.9,10.1002/adfm.201702613
0.97,19.79,0.7568,14.54,0,1,0,1,0,3,0,1.5,-0.3,-0.1,0,1,0.000337,0.0004,-3.9,-5.4,-4.2,-5.5,10.1002/adfm.201702613
1,22.37,0.7682,17.16,0,1,0,1,0,3,0,1.5,-0.3,-0.1,0,1,0.000494,0.0004,-3.9,-5.4,-4.2,-5.5,10.1002/adfm.201702613
1.04,22.32,0.8115,18.8,0,1,0,1,0,3,0,1.5,-0.3,-0.1,0,1,0.000499,0.0004,-3.9,-5.4,-4.2,-5.5,10.1002/adfm.201702613
1.04,22.07,0.6094,14.03,0,1,0,1,0,3,0,1.5,0,0.1,0,1,0.000351,0.00249,-3.9,-5.4,-3.9,-5.3,10.1016/j.synthmet.2022.117144
1.07,23.4,0.6859,17.03,0,1,0,1,0,3,0,1.5,-0.04,0.1,0,1,0.000351,0.00327,-3.9,-5.4,-3.94,-5.3,10.1016/j.synthmet.2022.117144
1.1,22.14,0.76,18.51,0,0.15,0.85,1,0,2.55,0.45,1.52,-0.09,0.22,1,0,4.10E-05,2.93E-05,-3.91,-5.43,-4,-5.21,10.1039/c9ta05121j
1.03,20.6,0.79,16.76,0,0.15,0.85,1,0,2.55,0.45,1.52,-0.09,0.25,1,0,9.08E-05,2.93E-05,-3.91,-5.43,-4,-5.18,10.1039/c9ta05121j
1.04,19.11,0.78,15.53,0,1,0,1,0,3,0,1.5,-0.3,0.4,0,1,0.00033,0.0004,-3.9,-5.4,-4.2,-5,10.1002/solr.202000289
1,19.69,0.8,15.68,0,1,0,1,0,3,0,1.5,0,0.4,0,1,0.00033,0.00041,-3.9,-5.4,-3.9,-5,10.1002/solr.202000289
1.04,20.46,0.8,16.93,0,1,0,1,0,3,0,1.5,-0.6,0.4,0,1,0.00033,0.000588,-3.9,-5.4,-4.5,-5,10.1002/solr.202000289
0.446,21.85,0.684,6.67,0,0,1,0,1,3,0,1.36,-0.68,-0.26,1,0,0.0012,2.93E-05,-3.52,-4.88,-4.2,-5.14,10.1021/jacs.7b10898
0.437,20.76,0.574,5.2,0,0,1,0,1,3,0,1.36,-0.68,-0.34,1,0,0.000465,2.93E-05,-3.52,-4.88,-4.2,-5.22,10.1021/jacs.7b10898
0.384,21.12,0.432,3.51,0,0,1,0,1,3,0,1.36,-0.68,-0.38,1,0,0.0002,2.93E-05,-3.52,-4.88,-4.2,-5.26,10.1021/jacs.7b10898
1.13,22.4,0.7341,18.67,0,0.15,0.85,1,0,2.55,0.45,1.65,-0.5,0.43,1,0,0.000465,0.000193,-3.9,-5.65,-4.4,-5.22,10.1016/j.solener.2019.11.004
1.15,22.95,0.7595,20.03,0,0.15,0.85,1,0,2.55,0.45,1.65,-0.42,0.43,1,0,0.000465,0.000272,-3.9,-5.65,-4.32,-5.22,10.1016/j.solener.2019.11.004
1.089,24.53,0.757,20.44,0.05,0.1,0.85,1,0,2.7,0.3,1.6,-0.2,0.38,1,0,0.00021,2.93E-05,-4,-5.6,-4.2,-5.22,10.1016/j.isci.2019.04.031
1.081,24.48,0.788,21.03,0.05,0.1,0.85,1,0,2.7,0.3,1.6,-0.2,0.26,1,0,0.00067,2.93E-05,-4,-5.6,-4.2,-5.34,10.1016/j.isci.2019.04.031
1.033,21.35,0.7386,16.29,0,1,0,1,0,3,0,1.5,-0.27,0.08,1,0,0.000153,2.93E-05,-3.93,-5.43,-4.2,-5.35,10.1016/j.solmat.2020.110534
0.955,20.86,0.7605,15.15,0,1,0,1,0,3,0,1.5,-0.27,0.08,1,0,8.78E-05,2.93E-05,-3.93,-5.43,-4.2,-5.35,10.1016/j.solmat.2020.110534
0.95,20.39,0.7558,14.64,0,1,0,1,0,3,0,1.5,-0.27,0.28,1,0,5.81E-05,2.93E-05,-3.93,-5.43,-4.2,-5.15,10.1016/j.solmat.2020.110534
1.034,20.14,0.6606,13.73,0,1,0,1,0,3,0,1.5,-0.27,0.04,1,0,3.97E-05,2.93E-05,-3.93,-5.43,-4.2,-5.39,10.1016/j.solmat.2020.110534
1,21.97,0.715,16.6,0,1,0,1,0,3,0,1.5,-0.07,0.35,1,0,0.000145,2.93E-05,-3.93,-5.46,-4,-5.11,10.1002/aelm.201900884
1.02,22.63,0.761,17.54,0,1,0,1,0,3,0,1.5,-0.07,-0.01,1,0,0.00029,2.93E-05,-3.93,-5.46,-4,-5.47,10.1002/aelm.201900884
1.1,21.61,0.76,18.04,0,0.15,0.85,1,0,2.55,0.45,1.73,-0.08,0.41,1,0,1.72E-05,2.93E-05,-3.92,-5.65,-4,-5.24, 10.1039/c8tc04191a
1.11,22.02,0.75,18.5,0,0.15,0.85,1,0,2.55,0.45,1.73,-0.08,0.58,1,0,0.000465,2.93E-05,-3.92,-5.65,-4,-5.07, 10.1039/c8tc04191a
1.13,23.87,0.76,20.6,0,0.15,0.85,1,0,2.55,0.45,1.6,-0.1,0.39,1,0,0.000432,2.93E-05,-3.9,-5.5,-4,-5.11,10.1016/j.nanoen.2017.09.035
1.145,23.12,0.64,16.9,0,0.15,0.85,1,0,2.55,0.45,1.6,-0.1,0.32,1,0,0.000134,2.93E-05,-3.9,-5.5,-4,-5.18,10.1016/j.nanoen.2017.09.035
1.132,23.59,0.75,20.1,0,0.15,0.85,1,0,2.55,0.45,1.6,-0.1,0.34,1,0,7.66E-05,2.93E-05,-3.9,-5.5,-4,-5.16,10.1016/j.nanoen.2017.09.035
1.044,21.66,0.81,18.32,0,0.7,0.3,1,0,3,0,1.57,-0.27,0.29,1,0,0.000165,0.000992,-3.83,-5.4,-4.1,-5.11,10.1016/j.nanoen.2017.08.016
1.113,21.3,0.771,18.28,0,0.7,0.3,1,0,3,0,1.57,-0.27,0.26,1,0,0.000465,0.000992,-3.83,-5.4,-4.1,-5.14,10.1016/j.nanoen.2017.08.016
1.082,22.46,0.7,17.01,0,1,0,1,0,3,0,1.5,-0.5,0.18,1,0,0.000465,0.000992,-3.9,-5.4,-4.4,-5.22,10.1021/acsami.8b15665
1.06,23.26,0.64,15.92,0,1,0,1,0,3,0,1.5,-0.3,0.18,1,0,0.000465,0.00065,-3.9,-5.4,-4.2,-5.22,10.1021/acsami.7b00726
1.09,22.7,0.77,19.1,0,0.15,0.85,1,0,2.55,0.45,1.73,-0.28,0.45,1,0,8.70E-05,2.93E-05,-3.92,-5.65,-4.2,-5.2,10.1016/j.jpowsour.2019.03.050
1.07,22.4,0.78,18.7,0,0.15,0.85,1,0,2.55,0.45,1.73,-0.28,0.47,1,0,4.80E-05,2.93E-05,-3.92,-5.65,-4.2,-5.18,10.1016/j.jpowsour.2019.03.050
0.99,19.8,0.75,14.7,0,0.15,0.85,1,0,2.55,0.45,1.73,-0.28,0.49,1,0,1.20E-05,2.93E-05,-3.92,-5.65,-4.2,-5.16,10.1016/j.jpowsour.2019.03.050
1.11,23.47,0.74,18.78,0,1,0,1,0,3,0,1.5,-0.47,0.11,1,0,0.004243,0.000992,-3.93,-5.43,-4.4,-5.32,10.1039/c8ta02071j
1.09,22.21,0.73,18.05,0,1,0,1,0,3,0,1.5,-0.47,0.31,1,0,0.005101,0.000992,-3.93,-5.43,-4.4,-5.12,10.1039/c8ta02071j
1.16,15.18,0.738,12.96,1,0,0,1,0,2,1,1.92,-0.32,0.54,1,0,0.000191,2.93E-05,-3.57,-5.48,-3.89,-4.94,10.1002/cssc.202001629
1.08,20.4,0.736,16.1,0,1,0,1,0,3,0,1.5,-0.29,0.23,1,0,0.000465,0.00065,-3.93,-5.43,-4.22,-5.2,10.1002/cssc.201600860
1.024,20.81,0.732,15.59,0,1,0,1,0,3,0,1.5,-0.3,0.06,1,0,8.30E-05,2.93E-05,-3.9,-5.4,-4.2,-5.34,10.1002/aenm.201801248
1.07,20.5,0.752,16.5,0,1,0,1,0,3,0,1.5,-0.3,0.18,1,0,0.000465,2.93E-05,-3.9,-5.4,-4.2,-5.22,10.1002/aenm.201801248
0.453,21.63,0.6292,6.15,0,0,1,0,1,3,0,1.4,-0.6,0.1,0,1,0.00033,0.0004,-3.6,-5,-4.2,-4.9,10.1016/j.optmat.2022.112511
1.122,23.85,0.782,20.92,0.05,0.1615,0.7885,1,0,2.49,0.51,1.59,-0.21,0.3,1,0,0.000465,0.00121,-3.93,-5.52,-4.14,-5.22,10.1016/j.jallcom.2020.156032
1.098,22.7,0.765,19.12,0.05,0.1615,0.7885,1,0,2.49,0.51,1.59,-0.47,0.3,1,0,0.000465,0.00361,-3.93,-5.52,-4.4,-5.22,10.1016/j.jallcom.2020.156032
1.11,21.4,0.796,18.9,0,1,0,1,0,3,0,1.5,-0.2,0.3,0,1,0.00033,0.0004,-3.9,-5.4,-4.1,-5.1,10.1039/C7TA06900F
1.08,22.8,0.796,19.6,0,0,1,1,0,3,0,1.47,0.1,0.57,0,1,0.00033,0.0004,-4.2,-5.67,-4.1,-5.1,10.1039/C7TA06900F
0.521,24.12,0.7702,9.06,0.1,0,0.9,0,1,3,0,1.45,-0.45,0.06,1,0,0.0012,2.93E-05,-3.81,-5.26,-4.26,-5.2,10.1021/acsenergylett.1c01575
0.479,21.86,0.6893,7.21,0.1,0,0.9,0,1,3,0,1.46,-0.38,0.14,1,0,0.0012,2.93E-05,-3.88,-5.34,-4.26,-5.2,10.1021/acsenergylett.1c01575
1.1,20.61,0.78,17.29,0.1,0.54,0.36,1,0,2.79,0.21,1.5,-0.3,0.18,1,0,0.000465,2.93E-05,-3.9,-5.4,-4.2,-5.22,10.1016/j.solener.2019.12.031
1.097,22.59,0.758,18.77,0.1,0.13,0.74,1,0,2.49,0.51,1.6,0.1,0.48,1,0,0.000465,2.93E-05,-4.1,-5.7,-4,-5.22,10.1002/aenm.201800681
1.07,21.63,0.71,16.43,0,1,0,1,0,3,0,1.5,-0.6,0.2,1,0,0.000465,0.000992,-3.9,-5.4,-4.5,-5.2,10.1002/advs.201700031
1,20.86,0.77,16.11,0,1,0,1,0,3,0,1.6,-0.36,0.18,1,0,0.000465,0.000992,-3.8,-5.4,-4.16,-5.22,10.1016/j.cplett.2017.12.012
1.09,24.02,0.749,19.55,0,0.15,0.85,1,0,3,0,1.51,-0.11,0.38,1,0,0.000465,2.93E-05,-4.09,-5.6,-4.2,-5.22,10.1002/solr.201900072
1.079,24.4,0.722,19.01,0.05,0.1425,0.8075,1,0,2.55,0.45,1.62,-0.55,0.2,1,0,0.000465,0.000992,-3.8,-5.42,-4.35,-5.22,10.1002/adma.201805944
1.05,22.2,0.74,17.25,0,1,0,1,0,3,0,1.5,-0.27,0.2,1,0,0.000465,0.000992,-3.85,-5.4,-4.12,-5.2,10.1021/acsami.9b06873
1.17,22.82,0.77,20.56,0.05,0.1425,0.8075,1,0,2.55,0.45,1.6,-0.4,0.21,1,0,0.00073,2.93E-05,-3.8,-5.4,-4.2,-5.19,10.1039/c9ta03351c
1.08,22.55,0.75,18.27,0.05,0.1615,0.7885,1,0,2.49,0.51,1.7,0,0.47,1,0,0.000111,0.0004,-3.9,-5.6,-3.9,-5.13,10.1002/ange.201909117
1.12,23.3,0.78,20.35,0.05,0.1615,0.7885,1,0,2.49,0.51,1.7,0,0.45,1,0,0.000423,0.0004,-3.9,-5.6,-3.9,-5.15,10.1002/ange.201909117
1.09,23.05,0.74,18.59,0.05,0.1615,0.7885,1,0,2.49,0.51,1.7,0,0.54,1,0,0.000371,0.0004,-3.9,-5.6,-3.9,-5.06,10.1002/ange.201909117
1.1,23.16,0.77,19.62,0.05,0.1615,0.7885,1,0,2.49,0.51,1.7,0,0.38,1,0,0.000465,0.0004,-3.9,-5.6,-3.9,-5.22,10.1002/ange.201909117
1.432,9.35,0.716,9.53,1,0,0,1,0,0,3,2.3,-0.9,0.38,1,0,0.000465,2.93E-05,-3.3,-5.6,-4.2,-5.22,10.1016/j.nanoen.2019.104015
1.12,15.78,0.75,13.34,1,0,0,1,0,2,1,1.9,-0.58,0.62,1,0,0.000465,0.000992,-3.92,-5.82,-4.5,-5.2,10.1039/c9ra06363c
1.17,15.13,0.7389,12.99,1,0,0,1,0,2,1,1.9,-0.6,0.3,1,0,0.000465,0.000992,-3.6,-5.5,-4.2,-5.2,10.1021/acsami.0c09571 
0.69,30.05,0.78,16.14,0.025,0.5,0.475,0.5,0.5,3,0,1.24,0.16,0,0,1,0.00033,0.0004,-4.16,-5.4,-4,-5.4,10.1002/aenm.202101069
1.044,21.66,0.81,18.32,0,0.7,0.3,1,0,3,0,1.57,-0.27,0.23,1,0,0.00024,0.000992,-3.83,-5.4,-4.1,-5.17,10.1016/j.nanoen.2018.07.027
1.072,22.3,0.807,19.29,0,0.7,0.3,1,0,3,0,1.57,-0.27,0.212,1,0,0.0002,0.000992,-3.83,-5.4,-4.1,-5.188,10.1016/j.nanoen.2018.07.027
1.082,22.51,0.815,19.85,0,0.7,0.3,1,0,3,0,1.57,-0.27,0.201,1,0,0.0002,0.000992,-3.83,-5.4,-4.1,-5.199,10.1016/j.nanoen.2018.07.027
1.085,22.29,0.791,19.13,0,0.7,0.3,1,0,3,0,1.57,-0.27,0.196,1,0,0.0002,0.000992,-3.83,-5.4,-4.1,-5.204,10.1016/j.nanoen.2018.07.027
1.079,22.2,0.781,18.71,0,0.7,0.3,1,0,3,0,1.57,-0.27,0.19,1,0,0.0002,0.000992,-3.83,-5.4,-4.1,-5.21,10.1016/j.nanoen.2018.07.027
1.073,22.03,0.778,18.39,0,0.7,0.3,1,0,3,0,1.57,-0.27,0.184,1,0,0.0002,0.000992,-3.83,-5.4,-4.1,-5.216,10.1016/j.nanoen.2018.07.027
1.065,21.88,0.744,17.33,0,0.7,0.3,1,0,3,0,1.57,-0.27,0.134,1,0,0.0002,0.000992,-3.83,-5.4,-4.1,-5.266,10.1016/j.nanoen.2018.07.027
1.058,21.73,0.724,16.65,0,0.7,0.3,1,0,3,0,1.57,-0.27,0.105,1,0,0.0002,0.000992,-3.83,-5.4,-4.1,-5.295,10.1016/j.nanoen.2018.07.027
1.052,21.96,0.702,16.21,0,0.7,0.3,1,0,3,0,1.57,-0.27,0.067,1,0,0.0002,0.000992,-3.83,-5.4,-4.1,-5.333,10.1016/j.nanoen.2018.07.027
1.113,21.3,0.771,18.28,0,0.7,0.3,1,0,3,0,1.57,-0.27,0.2,1,0,1.11E-05,0.000992,-3.83,-5.4,-4.1,-5.2,10.1016/j.nanoen.2018.07.027
1.15,21.2,0.753,18.4,0.05,0.1615,0.7885,1,0,2.49,0.51,1.6,-0.5,0.24,1,0,0.000465,0.000992,-3.86,-5.46,-4.36,-5.22,10.1021/acsami.9b02948
1.08,23.4,0.75,18.9,0,0.15,0.85,1,0,2.55,0.45,1.6,0.05,0.21,1,0,0.00046,2.93E-05,-4.05,-5.65,-4,-5.44,10.1039/D0TA05550F 
1.08,24.2,0.75,19.6,0,0.15,0.85,1,0,2.55,0.45,1.6,0.05,0.43,1,0,0.000465,2.93E-05,-4.05,-5.65,-4,-5.22,10.1039/D0TA05550F 
1.03,19.8,0.73,14.9,0,1,0,1,0,3,0,1.5,-0.3,0.2,1,0,0.000465,2.93E-05,-3.9,-5.4,-4.2,-5.2,10.1016/j.electacta.2019.06.050
1.08,21.4,0.753,17.51,0,1,0,1,0,3,0,1.5,-0.4,0.2,1,0,0.000465,0.00065,-3.9,-5.4,-4.3,-5.2,10.1021/acsami.7b10994
1.14,22.82,0.735,19.11,0,0.17,0.83,1,0,2.49,0.51,1.6,-0.35,0.43,1,0,0.000465,0.000992,-4.05,-5.65,-4.4,-5.22,10.1002/adma.201901284
1.14,22.81,0.761,19.79,0.1,0.153,0.747,1,0,2.49,0.51,1.6,-0.35,0.43,1,0,0.000465,0.000992,-4.05,-5.65,-4.4,-5.22,10.1002/adma.201901284
1.095,21.52,0.701,16.8,0,0.15,0.85,1,0,2.55,0.45,1.5,-0.2,0.2,1,0,0.0012,2.93E-05,-3.9,-5.4,-4.1,-5.2,10.1016/j.solener.2019.04.098 
1.07,22.75,0.739,18,0,1,0,1,0,3,0,1.55,-0.27,0.2,1,0,0.000465,0.000992,-3.85,-5.4,-4.12,-5.2,10.1021/acsaem.8b00293
1.09,23.18,0.7154,18.35,0,0.15,0.85,1,0,3,0,1.7,0,0.39,1,0,7.76E-05,2.93E-05,-4,-5.7,-4,-5.31,10.1016/j.synthmet.2022.117174
1.09,25.01,0.7338,20.3,0,0.15,0.85,1,0,3,0,1.7,0,0.48,1,0,5.31E-05,2.93E-05,-4,-5.7,-4,-5.22,10.1016/j.synthmet.2022.117174
1.1,25.03,0.7635,20.92,0,0.15,0.85,1,0,3,0,1.5,-0.2,-0.01,1,0,0.00235,2.93E-05,-3.8,-5.3,-4,-5.31,10.1016/j.synthmet.2022.117174
1.156,15.35,0.762,13.52,1,0,0,1,0,2,1,1.92,-0.24,0.94,1,0,0.000191,0.000992,-4.16,-6.08,-4.4,-5.14,10.1002/aenm.202000501
1.225,15.56,0.727,13.85,1,0,0,1,0,2,1,1.92,-0.24,0.86,1,0,0.000465,0.000992,-4.16,-6.08,-4.4,-5.22,10.1002/aenm.202000501
1.07,22.96,0.7423,18.23,0,1,0,1,0,3,0,1.5,-0.4,0.01,0,1,0.000296,0.0004,-3.9,-5.4,-4.3,-5.39,10.1039/c7ta09716f
0.99,22.32,0.75,16.61,0,1,0,1,0,3,0,1.5,-0.07,0.3,1,0,0.000143,2.93E-05,-3.93,-5.43,-4,-5.13,10.1002/slct.201803002
0.967,19.06,0.71,13.23,0,1,0,1,0,3,0,1.5,-0.07,0.15,1,0,1.09E-05,2.93E-05,-3.93,-5.43,-4,-5.28,10.1002/slct.201803002
1.07,22.47,0.716,17.21,0,1,0,1,0,3,0,1.5,-0.43,0.2,1,0,0.000465,0.000992,-3.9,-5.4,-4.33,-5.2,10.1021/acsaem.9b01009
0.292,24.06,0.3402,2.39,1,0,0,0,1,0,3,1.3,-0.92,-0.62,1,0,0.0002,2.93E-05,-3.28,-4.58,-4.2,-5.2,10.1021/acsenergylett.7b00171 
0.97,22.68,0.729,16.03,0.05,0.1615,0.7885,1,0,2.49,0.51,1.6,-0.3,0.15,0,1,1.36E-05,8.00E-05,-4,-5.6,-4.3,-5.45,10.1002/solr.201900189
0.89,22.06,0.762,14.96,0.05,0.1615,0.7885,1,0,2.49,0.51,1.6,-0.3,0.5,0,1,0.00033,8.00E-05,-4,-5.6,-4.3,-5.1,10.1002/solr.201900189
1.16,21.9,0.78,19.7,0.05,0.14,0.81,1,0,2.55,0.45,1.6,-0.2,0.47,1,0,0.00069,2.93E-05,-4,-5.6,-4.2,-5.13,10.1002/anie.201810809
1.16,21.2,0.74,18.2,0.05,0.14,0.81,1,0,2.55,0.45,1.6,-0.2,0.43,1,0,0.00014,2.93E-05,-4,-5.6,-4.2,-5.17,10.1002/anie.201810809
1.17,21.7,0.78,19.7,0.05,0.14,0.81,1,0,2.55,0.45,1.6,-0.2,0.44,1,0,0.00048,2.93E-05,-4,-5.6,-4.2,-5.16,10.1002/anie.201810809
1.09,22.3,0.737,17.9,0,0.15,0.85,1,0,2.55,0.45,1.6,-0.15,0.49,1,0,0.00219,0.000992,-4.05,-5.65,-4.2,-5.16,10.1016/j.cej.2020.124130
1.05,22,0.764,17.6,0,0.15,0.85,1,0,2.55,0.45,1.6,-0.15,0.47,1,0,0.0011,0.000992,-4.05,-5.65,-4.2,-5.18,10.1016/j.cej.2020.124130
1.094,21.6,0.768,18.1,0,1,0,1,0,3,0,1.5,-0.1,0.2,1,0,0.000465,2.93E-05,-3.9,-5.4,-4,-5.2,10.1002/anie.201511877
1.115,22.44,0.75,18.8,0,0.15,0.85,1,0,2.55,0.45,1.73,-0.28,0.61,1,0,0.000465,2.93E-05,-3.92,-5.65,-4.2,-5.04,10.1039/C6TA09028A
1.21,14.72,0.82,14.46,1,0,0,1,0,2,1,1.92,-0.22,0.61,1,0,0.0012,2.93E-05,-3.78,-5.7,-4,-5.09,10.1021/acsami.9b03413
1.14,13.24,0.819,12.36,1,0,0,1,0,2,1,1.92,-0.22,0.72,1,0,0.000191,2.93E-05,-3.78,-5.7,-4,-4.98,10.1021/acsami.9b03413
1.05,21.51,0.7637,17.22,0.05,0.16,0.79,1,0,2.52,0.48,1.58,-0.13,0.15,1,0,0.000288,2.93E-05,-3.87,-5.45,-4,-5.3,10.1002/solr.201900011
1.02,22.8,0.685,15.92,0,1,0,1,0,3,0,1.5,-0.1,0.18,1,0,0.000465,2.93E-05,-3.9,-5.4,-4,-5.22,10.1039/C8RA07800A
1.06,23.2,0.727,17.8,0,0.92,0.08,1,0,2.76,0.24,1.4,-0.1,0.07,1,0,0.00169,2.93E-05,-3.9,-5.3,-4,-5.23,10.1039/C6SC02832B
1.01,23.1,0.713,16.8,0,0.92,0.08,1,0,2.76,0.24,1.4,-0.1,0.37,1,0,0.000217,2.93E-05,-3.9,-5.3,-4,-4.93,10.1039/C6SC02832B
0.91,22.1,0.76,15.28,0,1,0,1,0,3,0,1.5,-0.6,0.3,0,1,0.00033,8.00E-05,-3.9,-5.4,-4.5,-5.1,10.1109/JPHOTOV.2019.2924745
1.01,22.37,0.76,17.17,0,1,0,1,0,3,0,1.5,-0.6,0.14,0,1,0.0002,8.00E-05,-3.9,-5.4,-4.5,-5.26,10.1109/JPHOTOV.2019.2924745
1.301,6.79,0.7708,6.81,1,0,0,1,0,0,3,2.31,-0.64,0.42,1,0,0.000465,2.93E-05,-3.31,-5.62,-3.95,-5.2,10.1039/C9TC05679C
1.035,22.5,0.78,18.12,0.05,0.1425,0.8075,1,0,2.55,0.45,1.7,-0.6,0.5,0,1,4.40E-05,8.00E-05,-3.9,-5.6,-4.5,-5.1,10.1002/cssc.201800476
0.837,20.37,0.79,13.44,0.05,0.1425,0.8075,1,0,2.55,0.45,1.7,-0.6,0.7,0,1,0.00033,8.00E-05,-3.9,-5.6,-4.5,-4.9,10.1002/cssc.201800476
1.158,23.6,0.811,22.2,0.05,0.05,0.9,1,0,2.85,0.15,1.53,-0.5,0.33,0,1,0.00033,8.00E-05,-4,-5.43,-4.5,-5.1,10.1038/s41560-019-0466-3
0.779,28.6,0.785,17.5,0,0.3,0.7,0.5,0.5,3,0,1.22,-0.5,0.12,0,1,0.00033,8.00E-05,-4,-5.22,-4.5,-5.1,10.1038/s41560-019-0466-3
1.11,15.33,0.817,13.56,1,0,0,1,0,2,1,1.92,-0.05,0.8,1,0,0.000306,0.00065,-4.16,-6.08,-4.21,-5.28,10.1039/d0tc01892a 
1.21,14.19,0.772,13.21,1,0,0,1,0,2,1,1.92,-0.05,0.57,1,0,0.000457,0.00065,-4.16,-6.08,-4.21,-5.51,10.1039/d0tc01892a 
1.2,14.62,0.817,14.12,1,0,0,1,0,2,1,1.92,-0.05,0.61,1,0,0.000568,0.00065,-4.16,-6.08,-4.21,-5.47,10.1039/d0tc01892a 
1.2,15.28,0.825,14.95,1,0,0,1,0,2,1,1.92,-0.05,0.63,1,0,0.000675,0.00065,-4.16,-6.08,-4.21,-5.45,10.1039/d0tc01892a 
1.03,20.8,0.769,16.5,0,1,0,1,0,3,0,1.5,0,0.27,1,0,8.20E-05,8.00E-05,-3.9,-5.4,-3.9,-5.13,10.1002/aenm.201700683
1.02,19.9,0.761,15.5,0,1,0,1,0,3,0,1.5,0,0.25,1,0,7.30E-05,8.00E-05,-3.9,-5.4,-3.9,-5.15,10.1002/aenm.201700683
1.06,19.6,0.765,15.9,0,1,0,1,0,3,0,1.5,0,0.25,1,0,9.70E-05,8.00E-05,-3.9,-5.4,-3.9,-5.15,10.1002/aenm.201700683
1.07,20.5,0.772,16.9,0,1,0,1,0,3,0,1.5,0,0.25,1,0,0.00013,8.00E-05,-3.9,-5.4,-3.9,-5.15,10.1002/aenm.201700683
1.06,21.3,0.784,17.7,0,1,0,1,0,3,0,1.5,0,0.25,1,0,0.00016,8.00E-05,-3.9,-5.4,-3.9,-5.15,10.1002/aenm.201700683
1.36,6.93,0.77,7.29,0,1,0,1,0,0,3,2.3,-0.9,0.38,1,0,0.000465,2.93E-05,-3.3,-5.6,-4.2,-5.22,10.1016/j.jechem.2018.10.001
1.09,24.87,0.748,20.27,0,0.03,0.93,1,0,2.91,0.09,1.55,0.05,0.69,1,0,0.000465,0.0019,-4.36,-5.91,-4.31,-5.22,10.1038/NENERGY.2016.177
1.057,15.96,0.815,13.7,1,0,0,1,0,2,1,1.92,-0.64,0.26,1,0,0.000465,2.93E-05,-3.56,-5.48,-4.2,-5.22,10.1039/c9ta08564e
1.06,21.78,0.766,17.67,0,1,0,1,0,3,0,1.5,-0.51,0.2,1,0,0.000465,0.000992,-3.9,-5.4,-4.41,-5.2,10.1016/j.nanoen.2019.06.021
1.1,22,0.733,17.8,0,1,0,1,0,3,0,1.59,-0.05,0.28,1,0,0.000465,0.00128,-3.89,-5.48,-3.94,-5.2,10.1021/acsenergylett.8b00493
1.11,22.5,0.754,18.9,0,1,0,1,0,3,0,1.59,-0.05,0.28,1,0,0.000465,0.0013,-3.89,-5.48,-3.94,-5.2,10.1021/acsenergylett.8b00493
1.13,23,0.771,19.9,0,1,0,1,0,3,0,1.59,-0.05,0.28,1,0,0.000465,0.00145,-3.89,-5.48,-3.94,-5.2,10.1021/acsenergylett.8b00493
1.07,21.1,0.715,16.1,0,1,0,1,0,3,0,1.59,-0.09,0.28,1,0,0.000465,0.00065,-3.89,-5.48,-3.98,-5.2,10.1021/acsenergylett.8b00493
1.01,19.05,0.7788,15.11,0,1,0,1,0,3,0,1.4,0.27,0.08,1,0,0.000465,2.93E-05,-3.9,-5.3,-3.63,-5.22,10.1016/j.solmat.2020.110594
1.12,19.64,0.757,16.71,0,1,0,1,0,3,0,1.4,-0.01,0.08,1,0,0.000465,0.000992,-3.9,-5.3,-3.91,-5.22,10.1016/j.solmat.2020.110594
1.06,22.9,0.692,16.4,0,1,0,1,0,3,0,1.5,-0.1,0.18,1,0,0.000465,2.93E-05,-3.9,-5.4,-4,-5.22,10.1021/acsami.7b00900
1.11,23.1,0.671,16.1,0,1,0,1,0,3,0,1.5,-0.3,0.18,1,0,0.000465,0.000992,-3.9,-5.4,-4.2,-5.22,10.1021/acsami.7b00900
1.07,21.2,0.67,14.4,0,1,0,1,0,3,0,1.5,-0.25,0.18,1,0,0.000465,8.00E-05,-3.9,-5.4,-4.15,-5.22,10.1021/acsami.7b00900
1.12,21.1,0.682,15.3,0,1,0,1,0,3,0,1.5,-0.05,0.18,1,0,0.000465,0.0004,-3.9,-5.4,-3.95,-5.22,10.1021/acsami.7b00900
1.08,24.69,0.7501,20,0,0.15,0.85,1,0,3,0,1.56,-0.09,0.31,1,0,0.000465,2.93E-05,-3.96,-5.52,-4.05,-5.21,10.1002/adfm.202005776
1.13,22.58,0.733,18.7,0.05,0.14,0.81,1,0,2.55,0.45,1.6,-0.3,0.3,1,0,0.000465,0.000992,-3.9,-5.5,-4.2,-5.2,10.1002/anie.201911796
1.08,22.6,0.731,17.96,0,0.15,0.85,1,0,2.55,0.45,1.6,-0.4,0.24,1,0,0.000465,0.000992,-3.8,-5.4,-4.2,-5.16,10.1021/acs.chemmater.8b04003
1.095,23.98,0.769,20.19,0.02,0,0.98,1,0,3,0,1.53,-0.5,0.21,1,0,0.000465,0.000992,-3.9,-5.43,-4.4,-5.22,10.1021/jacs.8b01037
1.09,23,0.805,20.2,0,0,1,1,0,3,0,1.5,-0.3,0.1,0,1,0.00033,0.0004,-3.7,-5.2,-4,-5.1,10.1002/cssc.201802234
1.1,23.1,0.808,20.5,0,0,1,1,0,3,0,1.5,-0.4,0.1,0,1,0.00033,1.50E-05,-3.7,-5.2,-4.1,-5.1,10.1002/cssc.201802234
0.983,21.31,0.6865,14.38,0,1,0,1,0,3,0,1.5,-0.32,0.41,1,0,0.00155,0.000992,-3.9,-5.4,-4.22,-4.99,10.1002/aenm.201901019
1.043,22.25,0.7339,17.03,0,1,0,1,0,3,0,1.5,-0.32,0.26,1,0,0.00639,0.000992,-3.9,-5.4,-4.22,-5.14,10.1002/aenm.201901019
1.099,21.64,0.7203,17.13,0,1,0,1,0,3,0,1.5,-0.32,0.12,1,0,0.000465,0.000992,-3.9,-5.4,-4.22,-5.28,10.1002/aenm.201901019
1.054,22.44,0.7074,16.73,0.05,0.1235,0.8265,1,0,2.61,0.39,1.6,-0.12,0.71,1,0,0.00155,0.000992,-4.1,-5.7,-4.22,-4.99,10.1002/aenm.201901019
1.096,23.41,0.7667,19.67,0.05,0.1235,0.8265,1,0,2.61,0.39,1.6,-0.12,0.56,1,0,0.00639,0.000992,-4.1,-5.7,-4.22,-5.14,10.1002/aenm.201901019
1.165,22.78,0.7608,20.19,0.05,0.1235,0.8265,1,0,2.61,0.39,1.6,-0.12,0.42,1,0,0.000465,0.000992,-4.1,-5.7,-4.22,-5.28,10.1002/aenm.201901019
1.09,22.54,0.7507,18.44,0,0.15,0.85,1,0,2.55,0.45,1.6,-0.3,0.3,1,0,0.000465,2.93E-05,-3.9,-5.5,-4.2,-5.2,10.1039/c9ta01499c
0.924,21.94,0.7576,15.62,0,1,0,1,0,3,0,1.5,-0.1,0.2,0,1,0.00033,0.0004,-3.9,-5.4,-4,-5.2,10.1039/c9nr01836k
1.1,23,0.776,19.63,0.05,0.1425,0.8075,1,0,2.55,0.45,1.59,-0.3,0.3,1,0,0.000465,0.000992,-3.93,-5.52,-4.23,-5.22,10.1039/c8ee02242a
1.12,21.74,0.764,18.59,0.05,0.16,0.79,1,0,2.5,0.5,1.6,-0.5,0.38,1,0,0.000465,0.000992,-4,-5.6,-4.5,-5.22,10.1002/smtd.201900476
1.039,22.83,0.71,16.91,0,1,0,1,0,3,0,1.5,-0.4,0.2,1,0,0.000465,2.93E-05,-3.9,-5.4,-4.3,-5.2,10.1039/c9ta00398c
1.09,22.86,0.72,17.94,0,1,0,1,0,3,0,1.5,-0.27,0.21,1,0,0.00135,2.93E-05,-3.93,-5.43,-4.2,-5.22,10.1021/acsami.9b06933
1.09,23.22,0.78,19.74,0,1,0,1,0,3,0,1.5,-0.27,0.21,1,0,0.00669,2.93E-05,-3.93,-5.43,-4.2,-5.22,10.1021/acsami.9b06933
1.097,22.32,0.753,18.95,0,0.17,0.83,1,0,2.49,0.51,1.5,-0.23,0.25,1,0,0.000465,2.93E-05,-3.97,-5.47,-4.2,-5.22,10.1002/smll.201702260
1.12,22.85,0.745,19.1,0.05,0.1615,0.7885,1,0,2.49,0.51,1.5,-0.1,0.2,1,0,0.000465,2.93E-05,-3.9,-5.4,-4,-5.2,10.1021/acsphotonics.8b01336
1.1,22.4,0.707,17.4,0.05,0.1615,0.7885,1,0,2.49,0.51,1.5,-0.1,0.35,1,0,0.00042,2.93E-05,-3.9,-5.4,-4,-5.05,10.1021/acsphotonics.8b01336
1.14,22.94,0.746,19.4,0.05,0.1615,0.7885,1,0,2.49,0.51,1.5,-0.1,0.32,1,0,0.0001,2.93E-05,-3.9,-5.4,-4,-5.08,10.1021/acsphotonics.8b01336
1.06,21.5,0.751,17.12,0,1,0,1,0,3,0,1.5,0.1,0.2,1,0,0.000465,0.00524,-3.9,-5.4,-3.8,-5.2,10.1002/adma.201601745
1,20.2,0.71,14.34,0,1,0,1,0,3,0,1.5,-0.3,0.2,1,0,0.000465,2.93E-05,-3.9,-5.4,-4.2,-5.2,10.1002/adma.201601745
1.04,20.8,0.723,15.64,0,1,0,1,0,3,0,1.5,-0.3,0.2,1,0,0.000465,0.00316,-3.9,-5.4,-4.2,-5.2,10.1002/adma.201601745
1.11,14.61,0.71,11.51,1,0,0,1,0,2,1,1.91,-0.51,0.38,1,0,0.000176,2.93E-05,-3.69,-5.6,-4.2,-5.22,10.1039/c8ta12139g
1.12,14.94,0.72,12.05,1,0,0,1,0,2,1,1.91,-0.51,0.38,1,0,0.000225,2.93E-05,-3.69,-5.6,-4.2,-5.22,10.1039/c8ta12139g
1.11,22.41,0.74,18.41,0,0.15,0.85,1,0,2.55,0.45,1.6,-0.15,0.43,1,0,0.000176,2.93E-05,-4.05,-5.65,-4.2,-5.22,10.1039/c8ta12139g
1.12,22.43,0.75,18.84,0,0.15,0.85,1,0,2.55,0.45,1.6,-0.15,0.43,1,0,0.000225,2.93E-05,-4.05,-5.65,-4.2,-5.22,10.1039/c8ta12139g
1.11,22.41,0.74,18.41,0,0.15,0.85,1,0,2.55,0.45,1.6,-0.15,0.43,1,0,0.000176,2.93E-05,-4.05,-5.65,-4.2,-5.22,10.1039/c8ta12139g
1.12,22.43,0.75,18.84,0,0.15,0.85,1,0,2.55,0.45,1.6,-0.15,0.34,1,0,0.000225,2.93E-05,-4.05,-5.65,-4.2,-5.31,10.1039/c8ta12139g
1.06,21.56,0.69,15.88,0,1,0,1,0,3,0,1.57,-0.35,0.21,1,0,0.000465,2.93E-05,-3.86,-5.43,-4.21,-5.22,10.1021/acsaem.8b00726
0.734,27.13,0.7055,14.05,0,0.4,0.6,0.4,0.6,3,0,1.22,0.1,0.2,0,1,0.00033,0.0004,-4,-5.22,-3.9,-5.02,10.1002/solr.201800256 
1.11,21.73,0.77,18.57,0,0.15,0.85,1,0,2.55,0.45,1.52,-0.09,0.23,1,0,0.0002,2.93E-05,-3.91,-5.43,-4,-5.2,10.1039/c9sc05694g
1.12,20.67,0.76,17.59,0,0.15,0.85,1,0,2.55,0.45,1.52,-0.09,0.04,1,0,0.00012,2.93E-05,-3.91,-5.43,-4,-5.39,10.1039/c9sc05694g
1.12,16.78,0.788,14.81,0.2,0,0.8,1,0,2.1,0.9,1.75,-0.24,0.85,1,0,0.0012,8.00E-05,-4.26,-5.99,-4.5,-5.14,10.1016/j.nanoen.2019.04.069
1.12,16.78,0.788,14.81,0.2,0,0.8,1,0,2.1,0.9,1.75,-0.26,0.73,0,1,0.0012,8.00E-05,-4.24,-5.99,-4.5,-5.26,10.1016/j.nanoen.2019.04.069
0.98,21.93,0.7,15.06,0,0.15,0.85,1,0,2.55,0.45,1.6,-0.5,0.2,1,0,0.001251,2.93E-05,-3.9,-5.5,-4.4,-5.3,10.1021/acsomega.8b01817
1.1,22.5,0.75,18.57,0,0.15,0.85,1,0,2.55,0.45,1.6,-0.5,0.4,1,0,0.004375,2.93E-05,-3.9,-5.5,-4.4,-5.1,10.1021/acsomega.8b01817
1.11,22.82,0.761,19.28,0,0.15,0.85,1,0,2.55,0.45,1.6,-0.5,0.1,1,0,0.004443,2.93E-05,-3.9,-5.5,-4.4,-5.4,10.1021/acsomega.8b01817
0.71,28.38,0.75,14.92,0,0.5,0.5,0.5,0.5,3,0,1.28,-0.63,0.15,0,1,0.00033,8.00E-05,-3.87,-5.15,-4.5,-5,10.1002/aenm.201903013
1.14,22.46,0.75,19.2,0.05,0.1615,0.7885,1,0,2.49,0.51,1.5,-0.2,0.18,1,0,0.000208,2.93E-05,-3.9,-5.4,-4.1,-5.22,10.1002/solr.201900202
1.08,21.52,0.69,16.04,0.05,0.1615,0.7885,1,0,2.49,0.51,1.5,-0.2,0.34,1,0,0.000113,2.93E-05,-3.9,-5.4,-4.1,-5.06,10.1002/solr.201900202
1.09,22.35,0.773,18.8,0,0.15,0.85,1,0,2.55,0.45,1.73,-0.18,0.05,1,0,0.000465,2.93E-05,-3.92,-5.65,-4.1,-5.6,10.1039/C9TC00437H
1.12,23.29,0.765,19.94,0.08,0.1196,0.8004,1,0,2.64,0.36,1.6,0,0.1,1,0,0.000465,2.93E-05,-4.1,-5.7,-4.1,-5.6,10.1039/C9TC00437H
0.95,22.05,0.7761,16.26,0,1,0,1,0,3,0,1.5,0,0.1,0,1,0.00033,0.000462,-3.9,-5.4,-3.9,-5.3,10.1039/c7nj04978a
0.95,21.47,0.7452,15.19,0,1,0,1,0,3,0,1.5,0.01,0.1,0,1,0.00033,0.000476,-3.9,-5.4,-3.89,-5.3,10.1039/c7nj04978a
0.97,19.98,0.7338,14.28,0,1,0,1,0,3,0,1.5,-0.1,0.5,0,1,0.00033,0.0002616,-3.9,-5.4,-4,-4.9,10.1016/j.dyepig.2020.108332
1.09,20.1,0.79,17.3,0,1,0,1,0,3,0,1.5,-0.25,0.05,1,0,0.0012,2.93E-05,-3.75,-5.25,-4,-5.2,10.1039/c5ta09520d
1.14,20.1,0.78,17.7,0,1,0,1,0,3,0,1.5,-0.25,0.05,1,0,0.0012,0.00065,-3.75,-5.25,-4,-5.2,10.1039/c5ta09520d
1.123,21.86,0.78,19.15,0.05,0.1615,0.7885,1,0,2.49,0.51,1.6,-0.15,0.43,1,0,0.000465,2.93E-05,-4.05,-5.65,-4.2,-5.22,10.1039/c9cc09002a
0.95,19.74,0.621,11.65,0,1,0,1,0,3,0,1.51,-0.08,0.25,1,0,5.75E-05,2.93E-05,-3.92,-5.43,-4,-5.18,10.1002/ente.201800939
1.04,19.88,0.731,15.11,0,1,0,1,0,3,0,1.51,-0.08,0.25,1,0,0.000318,2.93E-05,-3.92,-5.43,-4,-5.18,10.1002/ente.201800939
0.98,22.11,0.731,15.84,0,1,0,1,0,3,0,1.51,-0.08,0.26,1,0,0.000321,2.93E-05,-3.92,-5.43,-4,-5.17,10.1002/ente.201800939
1.02,22.7,0.734,17,0,1,0,1,0,3,0,1.51,-0.08,0.21,1,0,0.000358,2.93E-05,-3.92,-5.43,-4,-5.22,10.1002/ente.201800939
1.03,19.59,0.636,12.83,0,1,0,1,0,3,0,1.51,-0.08,0.28,1,0,0.000233,2.93E-05,-3.92,-5.43,-4,-5.15,10.1002/ente.201800939
1.1,23.39,0.74,18.11,0,1,0,1,0,3,0,1.5,-0.17,0.21,1,0,0.000473,2.93E-05,-3.93,-5.43,-4.1,-5.22,10.1002/adfm.201807094
1.11,24.4,0.74,19.16,0,1,0,1,0,3,0,1.5,-0.17,0.26,1,0,0.000469,2.93E-05,-3.93,-5.43,-4.1,-5.17,10.1002/adfm.201807094
1.05,19.6,0.781,16.1,0,1,0,1,0,3,0,1.6,-0.47,0.14,1,0,0.00065,0.0002,-3.9,-5.4,-4.37,-5.26,10.1016/j.solmat.2018.04.021
0.592,17.7,0.441,4.62,0,1,0,0,1,3,0,1.26,-0.72,-0.48,1,0,0.000465,2.93E-05,-3.48,-4.74,-4.2,-5.22,10.1002/adma.201705998
0.796,25.5,0.692,14.04,0,1,0,0.38,0.62,3,0,1.22,-0.2,0,1,0,0.000465,2.93E-05,-4,-5.22,-4.2,-5.22,10.1002/adma.201705998
1.13,22.81,0.73,18.82,0.05,0.14,0.81,1,0,2.55,0.45,1.6,-0.26,0.27,1,0,0.000465,0.00065,-3.87,-5.47,-4.13,-5.2,10.1002/adfm.201900265
1.01,23.5,0.722,17.14,0,1,0,1,0,3,0,1.5,-0.23,0.2,1,0,0.000465,0.00065,-3.9,-5.4,-4.13,-5.2,10.1002/adfm.201900265
1.08,24.67,0.745,19.84,0.1,0,0.9,1,0,3,0,1.48,-0.26,0.15,1,0,0.000465,0.00065,-3.87,-5.35,-4.13,-5.2,10.1002/adfm.201900265
1.11,23.52,0.76,20.02,0.05,0.1615,0.7885,1,0,2.49,0.51,1.6,-0.06,0.16,1,0,0.000465,2.93E-05,-3.86,-5.43,-3.92,-5.27,10.1002/adma.201800568
1.11,23.52,0.751,19.6,0.05,0.1615,0.7885,1,0,2.49,0.51,1.6,-0.14,0.16,1,0,0.000465,2.93E-05,-3.86,-5.43,-4,-5.27,10.1002/adma.201800568
1.1,24.19,0.782,20.8,0,0.02,0.98,1,0,3,0,1.5,-0.3,0.18,1,0,0.000465,2.93E-05,-3.9,-5.4,-4.2,-5.22,10.1007/s40843-019-1186-4
0.69,9.77,0.342,2.31,0,1,0,0,1,0,3,2.08,-1.26,0.03,1,0,0.000465,2.93E-05,-3,-5.25,-4.26,-5.22,10.1016/j.solener.2019.05.007
0.41,15.7,0.377,2.45,0,1,0,0,1,2,1,1.46,-0.41,0.09,1,0,0.000465,2.93E-05,-3.85,-5.31,-4.26,-5.22,10.1016/j.solener.2019.05.007
0.58,11.09,0.495,3.2,0,1,0,0,1,1,2,1.75,-0.74,0.05,1,0,0.000465,2.93E-05,-3.52,-5.27,-4.26,-5.22,10.1016/j.solener.2019.05.007
0.63,10.28,0.468,3.03,0,1,0,0,1,0.36,2.64,1.83,-0.86,0.01,1,0,0.000465,2.93E-05,-3.4,-5.23,-4.26,-5.22,10.1016/j.solener.2019.05.007
0.592,17.7,0.441,4.62,0,1,0,0,1,3,0,1.26,-0.72,0.48,1,0,0.000465,2.93E-05,-3.48,-5.7,-4.2,-5.22,10.1016/j.solener.2019.05.007
0.95,19.97,0.78,14.83,0,1,0,1,0,3,0,1.5,-0.05,0.35,0,1,0.00033,0.0004,-3.95,-5.45,-4,-5.1,10.1002/cssc.201700880
0.73,23.76,0.808,14.01,0,1,0,0.75,0.25,3,0,1.35,0.23,0.48,0,1,0.00033,0.0004,-4.23,-5.58,-4,-5.1,10.1002/cssc.201700880
1.13,22.3,0.72,18.8,0,0.15,0.85,1,0,2.55,0.45,1.6,-0.15,0.52,1,0,0.000148,2.93E-05,-4.05,-5.65,-4.2,-5.13,10.1016/j.chempr.2017.03.011
1.15,22.8,0.77,20.8,0,0.15,0.85,1,0,2.55,0.45,1.6,-0.15,0.42,1,0,0.000681,2.93E-05,-4.05,-5.65,-4.2,-5.23,10.1016/j.chempr.2017.03.011
1.11,23.7,0.78,20.6,0.05,0.15,0.8,1,0,2.49,0.51,1.57,-0.18,0.39,1,0,0.000465,0.000992,-3.99,-5.56,-4.17,-5.17,10.1039/c9ta02142f
1.089,21.27,0.723,16.7,0,1,0,1,0,3,0,1.6,-0.6,0.3,1,0,0.000465,0.000992,-3.9,-5.5,-4.5,-5.2,10.1016/j.apsusc.2018.09.146
1.03,22.9,0.78,18.4,0.05,0.14,0.81,1,0,2.55,0.45,1.7,-0.6,0.3,1,0,0.000111,0.000992,-3.8,-5.5,-4.4,-5.2,10.1002/anie.201806392
1.1,23.3,0.806,20,0.05,0.14,0.81,1,0,2.55,0.45,1.7,-0.6,0.1,1,0,0.000228,0.000992,-3.8,-5.5,-4.4,-5.4,10.1002/anie.201806392
1.07,21.7,0.7,16.25,0,1,0,1,0,3,0,1.5,-0.1,0.18,1,0,0.000465,2.93E-05,-3.9,-5.4,-4,-5.22,10.1016/j.joule.2018.02.013
1.22,15.07,0.7318,13.45,1,0,0,1,0,2,1,1.9,-0.58,0.44,1,0,0.000465,0.000154,-3.76,-5.66,-4.34,-5.22,10.1039/d0ta04275g
1.2,15.44,0.7615,14.11,1,0,0,1,0,2,1,1.9,-0.09,0.44,1,0,0.000465,6.53E-05,-3.76,-5.66,-3.85,-5.22,10.1039/d0ta04275g
1.31,15.53,0.7913,16.1,1,0,0,1,0,2,1,1.9,-0.33,0.44,1,0,0.000465,0.000214,-3.76,-5.66,-4.09,-5.22,10.1039/d0ta04275g
0.82,22.44,0.78,14.35,0,1,0,0.75,0.25,3,0,1.35,-0.42,-0.04,0,1,0.00033,0.0004,-3.58,-4.96,-4,-5,10.1002/adma.201602696
0.92,19.6,0.78,14.07,0,1,0,1,0,3,0,1.58,-0.17,0.44,0,1,0.00033,0.0004,-3.83,-5.44,-4,-5,10.1002/adma.201602696
1.44,7.01,0.771,7.78,1,0,0,1,0,0,3,2.36,-0.7,0.66,1,0,0.00065,0.00065,-3.5,-5.86,-4.2,-5.2,10.1002/adma.201800855
1.03,21.32,0.716,15.77,0,1,0,1,0,3,0,1.5,-0.27,0.21,1,0,0.000465,0.000992,-3.93,-5.43,-4.2,-5.22,10.1021/acsami.8b22044
1.12,23.3,0.78,20.4,0.05,0.1615,0.7885,1,0,2.49,0.51,1.55,-0.3,0.2,1,0,0.000465,2.93E-05,-3.9,-5.45,-4.2,-5.25,10.1002/cptc.201900245
0.553,18.1,0.647,6.48,0,0,1,0,1,3,0,1.36,-0.98,-0.12,0,1,0.00033,8.00E-05,-3.52,-4.88,-4.5,-5,10.1021/acs.jpclett.0c00923
1.1,24.1,0.76,20.2,0.05,0.095,0.855,1,0,2.7,0.3,1.6,-0.3,0.38,1,0,0.000465,0.000982,-4,-5.6,-4.3,-5.22,10.1021/acsami.9b13876
1.15,24.6,0.78,22,0.05,0.095,0.855,1,0,2.7,0.3,1.6,-0.03,0.38,1,0,0.000465,0.00277,-4,-5.6,-4.03,-5.22,10.1021/acsami.9b13876
1.15,21.89,0.73,18.42,0,0.15,0.85,1,0,2.55,0.45,1.6,-0.1,0.28,1,0,0.000465,2.93E-05,-3.9,-5.5,-4,-5.22,10.1016/j.orgel.2018.09.045
1.15,23.33,0.775,20.78,0.05,0.15,0.85,1,0,2.55,0.45,1.6,-0.08,0.5,1,0,0.000465,2.93E-05,-4.12,-5.72,-4.2,-5.22,10.1002/aenm.201901341
1.03,22.38,0.749,17.2,0,1,0,1,0,3,0,1.57,-0.17,0.18,1,0,0.000299,2.93E-05,-3.83,-5.4,-4,-5.22,10.1039/c8ta09724k
1.13,22.8,0.704,18.14,0,0.25,0.75,1,0,2.5,0.5,1.59,0.16,0.74,1,0,0.000465,0.000992,-4.37,-5.96,-4.21,-5.22,10.1039/c8ta04131h
1.09,20.85,0.77,17.5,0,0.15,0.85,1,0,2.55,0.45,1.6,0.05,0.35,1,0,0.00011,2.93E-05,-4.05,-5.65,-4,-5.3,10.1002/adma.201606555
1.13,21.71,0.77,18.9,0,0.15,0.85,1,0,2.55,0.45,1.6,0.05,0.27,1,0,0.00012,2.93E-05,-4.05,-5.65,-4,-5.38,10.1002/adma.201606555
1.13,23.67,0.72,19.2,0,0.15,0.85,1,0,2.55,0.45,1.6,0.05,0.43,1,0,0.000465,2.93E-05,-4.05,-5.65,-4,-5.22,10.1002/adma.201606555
1.13,21.71,0.77,18.9,0,0.15,0.85,1,0,2.55,0.45,1.73,-0.08,0.35,1,0,0.00012,2.93E-05,-3.92,-5.65,-4,-5.3,10.1002/adma.201606555
1.09,20.85,0.77,17.5,0,0.15,0.85,1,0,2.55,0.45,1.73,-0.08,0.27,1,0,0.00011,2.93E-05,-3.92,-5.65,-4,-5.38,10.1002/adma.201606555
1.13,23.67,0.72,19.2,0,0.15,0.85,1,0,2.55,0.45,1.73,-0.08,0.43,1,0,0.000465,2.93E-05,-3.92,-5.65,-4,-5.22,10.1002/adma.201606555
1.45,7.55,0.761,8.48,1,0,0,1,0,0,3,2.3,-0.9,0.37,1,0,0.00033,2.93E-05,-3.3,-5.6,-4.2,-5.23,10.1039/c8qm00337h
1.08,11.81,0.648,8.29,1,0,0,1,0,1,2,2.07,-0.47,0.8,1,0,0.000465,0.00065,-3.93,-6,-4.4,-5.2,10.1002/solr.201900363
1.15,23.42,0.741,19.9,0.063,0.2,0.737,1,0,2.4,0.6,1.57,-0.1,0.3,1,0,0.000465,0.000992,-3.93,-5.5,-4.03,-5.2,10.1016/j.apsusc.2022.154986
1.05,22.85,0.662,15.88,0.063,0.2,0.737,1,0,2.4,0.6,1.57,-0.06,0.3,1,0,0.000465,2.16E-05,-3.93,-5.5,-3.99,-5.2,10.1016/j.apsusc.2022.154986
1.09,23.08,0.675,16.98,0.063,0.2,0.737,1,0,2.4,0.6,1.57,-0.06,0.3,1,0,0.000465,3.24E-05,-3.93,-5.5,-3.99,-5.2,10.1016/j.apsusc.2022.154986
1.1,23.2,0.68,17.36,0.063,0.2,0.737,1,0,2.4,0.6,1.57,-0.06,0.3,1,0,0.000465,3.34E-05,-3.93,-5.5,-3.99,-5.2,10.1016/j.apsusc.2022.154986
1.02,24.11,0.7146,17.5,0,0.8,0.2,1,0,2.91,0.09,1.59,-0.09,0.12,0,1,0.00574,8.00E-05,-4.01,-5.6,-4.1,-5.48, 10.1002/solr.202000206
0.92,20.28,0.7845,14.13,0,0.8,0.2,1,0,2.91,0.09,1.59,-0.09,0.7,0,1,0.00033,8.00E-05,-4.01,-5.6,-4.1,-4.9, 10.1002/solr.202000206
1.152,26.04,0.7813,23.44,0,0,1,1,0,3,0,1.48,-0.08,0.43,1,0,0.0065904,3.30E-05,-3.92,-5.4,-4,-4.97,10.1126/science.abb7167
1.164,26.35,0.809,24.82,0,0,1,1,0,3,0,1.48,-0.08,0.21,1,0,0.0074748,3.30E-05,-3.92,-5.4,-4,-5.19,10.1126/science.abb7167
1.161,26.34,0.8015,24.5,0,0,1,1,0,3,0,1.48,-0.08,0.34,1,0,0.0072902,3.30E-05,-3.92,-5.4,-4,-5.06,10.1126/science.abb7167
1.267,10.69,0.71,9.86,1,0,0,1,0,1,2,2.07,-0.75,0.42,1,0,0.000465,0.000992,-3.55,-5.62,-4.3,-5.2,10.1039/C9TA03336J
1.063,22.42,0.707,16.87,0,1,0,1,0,3,0,1.5,-0.5,0.2,1,0,0.000465,0.000992,-3.9,-5.4,-4.4,-5.2,10.1016/j.jallcom.2018.07.190
1.05,22.53,0.762,17.98,0,0.15,0.85,1,0,2.55,0.45,1.6,-0.15,0.39,1,0,0.0002,2.93E-05,-4.05,-5.65,-4.2,-5.26,10.1038/s41467-018-05583-w
0.913,19.56,0.7063,12.61,0,1,0,1,0,3,0,1.5,0,0.5,0,1,0.00033,0.00135,-3.9,-5.4,-3.9,-4.9,10.1016/j.jallcom.2020.156329
0.953,20.02,0.7354,14.03,0,1,0,1,0,3,0,1.5,0.15,0.5,0,1,0.00033,0.00371,-3.9,-5.4,-3.75,-4.9,10.1016/j.jallcom.2020.156329
1.12,24.25,0.7912,21.48,0,0.08,0.92,1,0,3,0,1.5,-0.5,0.18,1,0,0.000465,0.000992,-3.9,-5.4,-4.4,-5.22,10.1038/s41566-019-0398-2
0.77,26.83,0.701,14.32,0,1,0,0.75,0.25,3,0,1.29,-0.15,0.31,0,1,0.00033,0.0004,-4.35,-5.61,-4.5,-5.3,10.1002/adfm.201605469
1.1,22.18,0.75,18.38,0,0.1,0.9,1,0,2.7,0.3,1.6,-0.09,0.5,0,1,0.0002,8.00E-05,-4,-5.6,-4.09,-5.1,10.1039/c8ta08306a
1.03,20.64,0.7,14.94,0,1,0,1,0,3,0,1.5,0,0,0,1,0.000351,0.0004,-3.9,-5.4,-3.9,-5.4,10.1039/C6NR01601D
1.11,23.04,0.75,19.18,0,0.15,0.85,1,0,2.55,0.45,1.6,-0.15,0.52,1,0,0.000465,2.93E-05,-4.05,-5.65,-4.2,-5.13,10.1039/c9ta01452g
1.1,22.61,0.71,17.66,0,0.15,0.85,1,0,2.55,0.45,1.6,-0.15,0.5,1,0,9.87E-05,2.93E-05,-4.05,-5.65,-4.2,-5.15,10.1039/c9ta01452g
1.11,22.85,0.73,18.51,0,0.15,0.85,1,0,2.55,0.45,1.6,-0.15,0.47,1,0,0.000121,2.93E-05,-4.05,-5.65,-4.2,-5.18,10.1039/c9ta01452g
1.13,23.25,0.77,20.23,0,0.15,0.85,1,0,2.55,0.45,1.6,-0.15,0.44,1,0,0.000116,2.93E-05,-4.05,-5.65,-4.2,-5.21,10.1039/c9ta01452g
1.1,23.41,0.762,19.68,0.05,0.1615,0.7885,1,0,2.49,0.51,1.6,-0.3,0.18,1,0,0.000465,2.93E-05,-3.9,-5.4,-4.2,-5.22,10.1002/adma.201705596
1.12,23.86,0.789,21.08,0.05,0.1615,0.7885,1,0,2.49,0.51,1.6,-0.28,0.18,1,0,0.000465,0.00065,-3.9,-5.4,-4.18,-5.22,10.1002/adma.201705596
1.098,22.21,0.785,19.14,0.05,0.1235,0.8265,1,0,2.61,0.39,1.63,-0.16,0.63,1,0,0.000465,2.93E-05,-4.22,-5.85,-4.38,-5.22,10.1021/acs.nanolett.7b05469 
1.08,22.51,0.76,18.54,0.05,0.1615,0.7885,1,0,2.49,0.51,1.6,-0.03,0.2,1,0,0.000465,0.000992,-3.9,-5.4,-3.93,-5.2,10.1039/c8ta11651b
0.75,24.9,0.659,12.3,0,1,0,0.5,0.5,3,0,1.18,-0.7,-0.12,0,1,0.00033,8.00E-05,-3.8,-4.98,-4.5,-5.1,10.1002/aenm.201601353
1.05,22.01,0.69,15.98,0,1,0,1,0,3,0,1.6,-0.49,0.41,1,0,0.000465,0.000992,-4.01,-5.61,-4.5,-5.2,10.1016/j.solener.2018.10.036
0.754,22.3,0.74,12.5,0,1,0,0.75,0.25,3,0,1.3,0,0.5,0,1,0.00033,0.0004,-4.2,-5.5,-4.2,-5,10.1021/acsenergylett.8b01588
0.55,24.3,0.673,9.06,0,0.25,0.75,0,1,3,0,1.33,-0.95,-0.12,0,1,0.00033,8.00E-05,-3.55,-4.88,-4.5,-5,10.1021/acsenergylett.8b01588
1.08,20.55,0.744,16.59,0,1,0,1,0,3,0,1.6,0.22,0.15,1,0,0.000465,2.93E-05,-3.77,-5.37,-3.55,-5.22,10.1016/j.apsusc.2020.147221
1.14,10.87,0.66,8.24,1,0,0,1,0,1,2,2.01,-0.27,0.8,1,0,0.000465,2.93E-05,-3.93,-6,-4.2,-5.2,10.1016/j.nanoen.2019.04.066
1.07,23.18,0.681,17,0,1,0,1,0,3,0,1.5,-0.17,0.2,1,0,0.000465,2.93E-05,-3.93,-5.4,-4.1,-5.2,10.1021/acssuschemeng.8b00938
1.1,21.44,0.713,16.81,0,1,0,1,0,3,0,1.51,-0.07,0.22,1,0,0.000465,2.93E-05,-3.93,-5.44,-4,-5.22,10.1002/aelm.201700139
1.08,20.9,0.713,16.1,0,1,0,1,0,3,0,1.48,-0.18,0.3,1,0,0.000465,0.00065,-4.02,-5.5,-4.2,-5.2,10.1039/C6TA01074A
1,23.48,0.7568,17.65,0,1,0,1,0,3,0,1.5,-0.6,0.18,1,0,0.000465,8.00E-05,-3.9,-5.4,-4.5,-5.22,10.1039/d0tc02438d
1.12,22.81,0.7885,20.14,0.05,0.1615,0.7885,1,0,2.49,0.51,1.62,0.15,0.7,1,0,0.000465,2.93E-05,-4.3,-5.92,-4.15,-5.22,10.1021/acssuschemeng.9b00991
1.09,21.55,0.699,16.4,0,1,0,1,0,3,0,1.5,-0.1,0.2,1,0,0.000465,2.93E-05,-3.9,-5.4,-4,-5.2,10.1002/adfm.201800475
1.2,23.51,0.785,21.1,0.05,0.1615,0.7885,1,0,2.49,0.51,1.6,-0.37,0.38,1,0,0.000465,0.00065,-4,-5.6,-4.37,-5.22,10.1002/adfm.201900466
1.12,23.28,0.78,18.8,0.017,0.15,0.83,1,0,2.49,0.51,1.6,-0.5,0.38,1,0,0.000465,0.000992,-4,-5.6,-4.5,-5.22,10.1002/adfm.201900466
1.11,23.15,0.75,19.27,0,0.15,0.85,1,0,2.55,0.45,1.6,-0.15,0.25,1,0,0.000965,2.93E-05,-4.05,-5.65,-4.2,-5.4,10.1021/acsami.8b04003
1.07,22.36,0.67,16.03,0,0.15,0.85,1,0,2.55,0.45,1.6,-0.15,0.3,1,0,0.000742,2.93E-05,-4.05,-5.65,-4.2,-5.35,10.1021/acsami.8b04003
1.11,23.15,0.75,19.27,0,0.15,0.85,1,0,2.55,0.45,1.6,-0.15,0.25,1,0,0.000965,2.93E-05,-4.05,-5.65,-4.2,-5.4,10.1021/acsami.8b04003
1.09,22.69,0.72,17.8,0,0.15,0.85,1,0,2.55,0.45,1.6,-0.15,0.43,1,0,0.000158,2.93E-05,-4.05,-5.65,-4.2,-5.22,10.1021/acsami.8b04003
1.03,21.39,0.7403,16.31,0.05,0.1615,0.7885,1,0,2.49,0.51,1.63,-0.28,0.65,0,1,0.000226,8.00E-05,-4.22,-5.85,-4.5,-5.2,10.1016/j.nanoen.2019.103946
1.11,22.21,0.7618,18.78,0.05,0.1615,0.7885,1,0,2.49,0.51,1.63,-0.28,0.41,0,1,0.000376,8.00E-05,-4.22,-5.85,-4.5,-5.44,10.1016/j.nanoen.2019.103946
1.02,22.65,0.74,17.05,0,1,0,0.95,0.05,3,0,1.5,-0.08,0.22,0,1,0.00033,0.0004,-3.82,-5.32,-3.9,-5.1,10.1007/s13391-020-00206-3 
0.99,23.39,0.79,18.25,0,1,0,0.9,0.1,3,0,1.46,-0.24,0.02,0,1,0.00033,0.0004,-3.66,-5.12,-3.9,-5.1,10.1007/s13391-020-00206-3 
1.162,15.565,0.791,14.3,1,0,0,1,0,2,1,1.91,-0.71,0.46,1,0,0.0012,0.000992,-3.69,-5.6,-4.4,-5.14,10.1039/c8ta09859j
1.08,23.07,0.747,18.56,0,1,0,1,0,3,0,1.5,-0.4,0.3,1,0,0.0012,2.93E-05,-3.9,-5.4,-4.3,-5.1,10.1109/JPHOTOV.2018.2877022
0.97,22.33,0.692,15.14,0,1,0,1,0,3,0,1.53,-0.15,0.33,1,0,0.000465,0.000586,-3.9,-5.43,-4.05,-5.1,10.1021/acssuschemeng.8b03826
1.074,21.83,0.778,18.1,0,1,0,1,0,3,0,1.5,-0.1,0.2,0,1,0.00033,0.0173,-3.9,-5.4,-4,-5.2,10.1002/aenm.201700522
1.05,22.05,0.6727,15.59,0,1,0,1,0,3,0,1.55,-0.12,0.23,1,0,0.000191,2.93E-05,-3.88,-5.43,-4,-5.2,10.1002/cssc.201901430
1.116,22.19,0.798,19.68,0.04,0.16,0.8,1,0,2.52,0.48,1.58,-0.21,0.25,1,0,0.000465,0.000992,-3.87,-5.45,-4.08,-5.2,10.1002/solr.201900134
1.058,21.84,0.7166,16.53,0,1,0,1,0,3,0,1.5,-0.1,0.18,1,0,0.000465,2.93E-05,-3.9,-5.4,-4,-5.22,10.1016/j.electacta.2018.09.195
1.125,22.85,0.752,19.33,0.05,0.1425,0.8075,1,0,2.55,0.45,1.63,-0.08,0.63,1,0,0.000465,2.93E-05,-4.22,-5.85,-4.3,-5.22,10.1002/aenm.201800794
1.142,23.45,0.758,20.34,0.05,0.1425,0.8075,1,0,2.55,0.45,1.63,-0.02,0.63,1,0,0.000465,0.000992,-4.22,-5.85,-4.24,-5.22,10.1002/aenm.201800794
1.1,25.01,0.7148,19.65,0.05,0.14,0.81,1,0,2.55,0.45,1.55,-0.07,0.49,1,0,0.000174,2.93E-05,-3.93,-5.48,-4,-4.99,10.1002/adfm.201904856
1.14,23.64,0.7508,20.19,0.05,0.14,0.81,1,0,2.55,0.45,1.55,-0.07,0.51,1,0,0.000322,2.93E-05,-3.93,-5.48,-4,-4.97,10.1002/adfm.201904856
1.05,23.53,0.7242,17.82,0.05,0.14,0.81,1,0,2.55,0.45,1.55,-0.07,0.54,1,0,0.000202,2.93E-05,-3.93,-5.48,-4,-4.94,10.1002/adfm.201904856
1.084,21.03,0.753,17.17,0,1,0,1,0,3,0,1.5,-0.11,0.18,1,0,0.000465,2.93E-05,-3.9,-5.4,-4.01,-5.22,10.1002/admi.201701117
1.0956,22.6,0.7852,19.44,0.05,0.1615,0.7885,1,0,2.49,0.51,1.55,-0.1,0.25,1,0,0.00042,2.93E-05,-3.9,-5.45,-4,-5.2,10.1021/acsenergylett.8b00607
1.0385,22.97,0.7475,17.84,0.05,0.1615,0.7885,1,0,2.49,0.51,1.55,-0.1,0.35,1,0,9.30E-05,2.93E-05,-3.9,-5.45,-4,-5.1,10.1021/acsenergylett.8b00607
1.0856,22.62,0.7302,17.93,0.05,0.1615,0.7885,1,0,2.49,0.51,1.55,-0.1,0.23,1,0,3.20E-05,2.93E-05,-3.9,-5.45,-4,-5.22,10.1021/acsenergylett.8b00607
1.086,22.64,0.7574,18.62,0.05,0.1615,0.7885,1,0,2.49,0.51,1.55,-0.1,0.2,1,0,0.00014,2.93E-05,-3.9,-5.45,-4,-5.25,10.1021/acsenergylett.8b00607
1.14,15.2,0.77,13.3,1,0,0,1,0,2,1,1.92,-0.34,0.68,0,1,0.000351,8.00E-05,-4.16,-6.08,-4.5,-5.4,10.1021/jacs.7b13229
1.281,11,0.65,9.1,1,0,0,1,0,1.5,1.5,1.95,-0.61,0.36,1,0,0.0012,2.93E-05,-3.59,-5.5,-4.2,-5.14,10.1002/aenm.201802060
1.018,21.9,0.731,16.3,0,1,0,1,0,3,0,1.5,-0.3,0.08,1,0,0.000465,2.93E-05,-3.9,-5.3,-4.2,-5.22,10.1002/smll.201801016
1.11,22.97,0.743,18.95,0.05,0.14,0.81,1,0,2.55,0.45,1.6,-0.67,0.27,1,0,0.000465,0.000992,-3.87,-5.47,-4.54,-5.2,10.1002/adma.201903239
1.14,23.12,0.728,19.2,0.05,0.12,0.83,1,0,2.61,0.39,1.6,-0.12,0.48,1,0,0.000465,0.000992,-4.1,-5.7,-4.22,-5.22,10.1021/acsami.9b09490
1.06,22.31,0.7134,16.87,0.05,0.12,0.83,1,0,2.61,0.39,1.6,-0.12,0.38,1,0,0.000117,0.000992,-4.1,-5.7,-4.22,-5.32,10.1021/acsami.9b09490
0.99,23,0.71,16.1,0,1,0,1,0,3,0,1.5,-0.3,0.3,0,1,0.00033,0.0004,-3.9,-5.4,-4.2,-5.1,10.1021/jacs.6b00039
1.05,22.9,0.67,16.2,0,1,0,1,0,3,0,1.5,-0.3,0.26,0,1,0.0012,0.0004,-3.9,-5.4,-4.2,-5.14,10.1021/jacs.6b00039
0.99,23,0.72,16.3,0,1,0,1,0,3,0,1.5,-0.3,0.3,0,1,0.000465,0.0004,-3.9,-5.4,-4.2,-5.1,10.1021/jacs.6b00039
1.02,23.2,0.792,18.6,0,1,0,1,0,3,0,1.5,-0.3,0.1,0,1,0.0023,0.0004,-3.9,-5.4,-4.2,-5.3,10.1021/jacs.6b00039
1.082,22.87,0.762,18.86,0,0.15,0.85,1,0,2.55,0.45,1.55,-0.37,0.28,1,0,0.000465,2.93E-05,-3.93,-5.48,-4.3,-5.2,10.1002/advs.201800474
